CREATE DATABASE  IF NOT EXISTS `project1` /*!40100 DEFAULT CHARACTER SET utf8mb4 COLLATE utf8mb4_0900_ai_ci */ /*!80016 DEFAULT ENCRYPTION='N' */;
USE `project1`;
-- MySQL dump 10.13  Distrib 8.0.45, for Win64 (x86_64)
--
-- Host: localhost    Database: project1
-- ------------------------------------------------------
-- Server version	8.0.45

/*!40101 SET @OLD_CHARACTER_SET_CLIENT=@@CHARACTER_SET_CLIENT */;
/*!40101 SET @OLD_CHARACTER_SET_RESULTS=@@CHARACTER_SET_RESULTS */;
/*!40101 SET @OLD_COLLATION_CONNECTION=@@COLLATION_CONNECTION */;
/*!50503 SET NAMES utf8 */;
/*!40103 SET @OLD_TIME_ZONE=@@TIME_ZONE */;
/*!40103 SET TIME_ZONE='+00:00' */;
/*!40014 SET @OLD_UNIQUE_CHECKS=@@UNIQUE_CHECKS, UNIQUE_CHECKS=0 */;
/*!40014 SET @OLD_FOREIGN_KEY_CHECKS=@@FOREIGN_KEY_CHECKS, FOREIGN_KEY_CHECKS=0 */;
/*!40101 SET @OLD_SQL_MODE=@@SQL_MODE, SQL_MODE='NO_AUTO_VALUE_ON_ZERO' */;
/*!40111 SET @OLD_SQL_NOTES=@@SQL_NOTES, SQL_NOTES=0 */;

--
-- Table structure for table `disaster_events`
--

DROP TABLE IF EXISTS `disaster_events`;
/*!40101 SET @saved_cs_client     = @@character_set_client */;
/*!50503 SET character_set_client = utf8mb4 */;
CREATE TABLE `disaster_events` (
  `event_id` bigint DEFAULT NULL,
  `disaster_type` text,
  `region` text,
  `event_date` datetime DEFAULT NULL,
  `severity` text
) ENGINE=InnoDB DEFAULT CHARSET=utf8mb4 COLLATE=utf8mb4_0900_ai_ci;
/*!40101 SET character_set_client = @saved_cs_client */;

--
-- Dumping data for table `disaster_events`
--

LOCK TABLES `disaster_events` WRITE;
/*!40000 ALTER TABLE `disaster_events` DISABLE KEYS */;
INSERT INTO `disaster_events` VALUES (2,'Cyclone','Gujarat','2021-07-29 00:00:00','High'),(3,'Unknown','West Bengal','2021-03-07 00:00:00','Low'),(4,'Flood','Gujarat','2021-02-24 00:00:00','High'),(5,'Cyclone','Bihar','2022-07-24 00:00:00','Low'),(6,'Cyclone','Bihar','2021-11-15 00:00:00','Low'),(7,'Earthquake','West Bengal','2021-07-18 00:00:00','Medium'),(8,'Earthquake','Kerala','2023-07-30 00:00:00','High'),(9,'Flood','Bihar','2022-08-24 00:00:00','High'),(10,'Drought','Tamil Nadu','2021-05-23 00:00:00','Low'),(11,'Unknown','Gujarat','2021-06-13 00:00:00','Low'),(12,'Flood','Bihar','2023-01-18 00:00:00','Low'),(13,'Earthquake','Tamil Nadu','2022-07-01 00:00:00','High'),(14,'Unknown','West Bengal','2021-12-17 00:00:00','High'),(15,'Unknown','Gujarat','2023-02-17 00:00:00','Medium'),(16,'Unknown','Gujarat','2021-04-25 00:00:00','Low'),(17,'Flood','Tamil Nadu','2021-05-16 00:00:00','Low'),(18,'Drought','Tamil Nadu','2023-10-20 00:00:00','Medium'),(19,'Unknown','UP','2021-10-13 00:00:00','Low'),(20,'Unknown','Kerala','2023-05-28 00:00:00','High'),(21,'Landslide','Tamil Nadu','2021-10-11 00:00:00','High'),(22,'Landslide','West Bengal','2021-08-13 00:00:00','Low'),(23,'Unknown','Assam','2023-05-15 00:00:00','High'),(24,'Flood','Bihar','2023-08-17 00:00:00','High'),(25,'Earthquake','Odisha','2021-08-23 00:00:00','High'),(26,'Drought','Kerala','2022-11-28 00:00:00','Low'),(27,'Earthquake','Bihar','2021-01-07 00:00:00','High'),(28,'Unknown','Kerala','2022-01-01 00:00:00','High'),(29,'Flood','Kerala','2023-11-06 00:00:00','High'),(30,'Cyclone','Assam','2021-11-27 00:00:00','High'),(31,'Drought','Odisha','2023-09-28 00:00:00','Low'),(32,'Flood','Tamil Nadu','2022-09-22 00:00:00','Low'),(33,'Flood','Gujarat','2021-06-11 00:00:00','Low'),(34,'Unknown','UP','2023-12-27 00:00:00','Low'),(35,'Cyclone','UP','2021-12-05 00:00:00','Medium'),(36,'Drought','Bihar','2024-01-10 00:00:00','High'),(37,'Unknown','Gujarat','2023-03-29 00:00:00','High'),(38,'Unknown','Tamil Nadu','2023-11-26 00:00:00','Medium'),(39,'Flood','Gujarat','2022-11-24 00:00:00','Low'),(40,'Drought','Gujarat','2021-01-15 00:00:00','Low'),(41,'Unknown','Odisha','2021-03-06 00:00:00','Medium'),(42,'Flood','Gujarat','2023-09-22 00:00:00','Low'),(43,'Drought','Assam','2024-03-15 00:00:00','High'),(44,'Landslide','Gujarat','2023-04-14 00:00:00','Low'),(45,'Flood','West Bengal','2022-12-27 00:00:00','Medium'),(46,'Landslide','UP','2021-04-21 00:00:00','High'),(47,'Unknown','West Bengal','2022-11-26 00:00:00','Low'),(48,'Cyclone','Gujarat','2023-07-08 00:00:00','Low'),(49,'Landslide','Assam','2022-05-27 00:00:00','Low'),(50,'Landslide','West Bengal','2024-01-13 00:00:00','Low'),(51,'Flood','Gujarat','2023-09-22 00:00:00','Medium'),(52,'Cyclone','Bihar','2021-12-04 00:00:00','Medium'),(53,'Flood','Bihar','2023-07-21 00:00:00','Medium'),(54,'Landslide','UP','2022-08-31 00:00:00','Low'),(55,'Flood','Odisha','2021-04-28 00:00:00','Low'),(56,'Drought','UP','2023-12-24 00:00:00','Low'),(57,'Flood','West Bengal','2021-05-21 00:00:00','High'),(58,'Flood','Gujarat','2024-03-12 00:00:00','Low'),(59,'Drought','Odisha','2023-05-09 00:00:00','High'),(60,'Drought','Tamil Nadu','2022-02-23 00:00:00','High'),(61,'Unknown','Tamil Nadu','2023-03-22 00:00:00','Low'),(62,'Unknown','Kerala','2021-05-29 00:00:00','Low'),(63,'Landslide','West Bengal','2022-03-13 00:00:00','High'),(64,'Earthquake','Assam','2021-05-21 00:00:00','Low'),(65,'Earthquake','Kerala','2024-01-18 00:00:00','High'),(66,'Earthquake','Odisha','2024-02-10 00:00:00','Medium'),(67,'Unknown','West Bengal','2021-10-03 00:00:00','Medium'),(68,'Flood','West Bengal','2021-11-15 00:00:00','Medium'),(69,'Earthquake','Gujarat','2022-02-21 00:00:00','High'),(70,'Unknown','Kerala','2022-05-30 00:00:00','Low'),(71,'Flood','Bihar','2021-04-01 00:00:00','Low'),(72,'Earthquake','Assam','2022-06-21 00:00:00','Low'),(73,'Unknown','UP','2023-05-26 00:00:00','High'),(74,'Flood','West Bengal','2021-11-02 00:00:00','High'),(75,'Flood','Tamil Nadu','2021-10-31 00:00:00','Medium'),(76,'Cyclone','Odisha','2021-03-23 00:00:00','Medium'),(77,'Cyclone','Gujarat','2022-12-26 00:00:00','High'),(78,'Landslide','Assam','2022-04-30 00:00:00','Low'),(80,'Earthquake','Bihar','2022-05-24 00:00:00','Medium'),(81,'Cyclone','West Bengal','2021-03-21 00:00:00','Medium'),(82,'Cyclone','Gujarat','2023-08-01 00:00:00','Medium'),(83,'Earthquake','Gujarat','2022-01-31 00:00:00','Medium'),(84,'Earthquake','Kerala','2022-07-26 00:00:00','Medium'),(85,'Unknown','Bihar','2024-01-04 00:00:00','Medium'),(86,'Flood','West Bengal','2022-06-19 00:00:00','Low'),(88,'Landslide','Tamil Nadu','2022-10-05 00:00:00','Medium'),(89,'Drought','West Bengal','2024-03-26 00:00:00','Low'),(90,'Earthquake','Odisha','2021-01-04 00:00:00','High'),(91,'Drought','Gujarat','2021-05-24 00:00:00','High'),(92,'Earthquake','Tamil Nadu','2021-09-13 00:00:00','High'),(93,'Earthquake','Kerala','2022-10-31 00:00:00','Medium'),(94,'Unknown','Kerala','2022-01-28 00:00:00','Medium'),(95,'Unknown','Bihar','2021-12-23 00:00:00','High'),(96,'Drought','Kerala','2021-01-01 00:00:00','Medium'),(97,'Earthquake','Gujarat','2024-04-02 00:00:00','High'),(98,'Unknown','Tamil Nadu','2023-06-25 00:00:00','High'),(99,'Cyclone','UP','2021-12-14 00:00:00','High'),(100,'Flood','Kerala','2022-11-18 00:00:00','Low'),(101,'Cyclone','Kerala','2022-02-12 00:00:00','Low'),(102,'Flood','Odisha','2023-09-01 00:00:00','High'),(103,'Flood','UP','2024-03-24 00:00:00','Low'),(104,'Unknown','Bihar','2022-05-15 00:00:00','Low'),(105,'Unknown','Odisha','2021-08-07 00:00:00','Medium'),(106,'Cyclone','Assam','2023-11-27 00:00:00','Medium'),(107,'Flood','Gujarat','2021-09-06 00:00:00','Medium'),(108,'Cyclone','UP','2024-02-19 00:00:00','High'),(109,'Earthquake','UP','2023-10-31 00:00:00','Medium'),(110,'Drought','UP','2023-08-31 00:00:00','Medium'),(111,'Earthquake','Gujarat','2022-07-22 00:00:00','High'),(112,'Landslide','Gujarat','2021-06-08 00:00:00','High'),(113,'Earthquake','Gujarat','2022-10-17 00:00:00','High'),(114,'Flood','Assam','2023-02-24 00:00:00','High'),(115,'Cyclone','Gujarat','2023-04-15 00:00:00','Medium'),(116,'Drought','UP','2022-02-28 00:00:00','Medium'),(117,'Landslide','Odisha','2024-03-25 00:00:00','Medium'),(118,'Landslide','Odisha','2022-09-04 00:00:00','Medium'),(119,'Landslide','Gujarat','2022-07-13 00:00:00','Medium'),(120,'Landslide','Odisha','2023-04-09 00:00:00','High'),(121,'Cyclone','UP','2023-12-30 00:00:00','Low'),(122,'Landslide','Odisha','2023-05-28 00:00:00','Low'),(123,'Landslide','Assam','2023-02-16 00:00:00','Medium'),(124,'Cyclone','UP','2023-02-16 00:00:00','Medium'),(125,'Landslide','Kerala','2023-08-22 00:00:00','Low'),(126,'Unknown','Odisha','2022-12-18 00:00:00','Low'),(127,'Unknown','West Bengal','2021-03-24 00:00:00','Low'),(128,'Cyclone','Gujarat','2021-11-09 00:00:00','Low'),(129,'Cyclone','UP','2024-03-01 00:00:00','Low'),(130,'Landslide','Kerala','2021-12-10 00:00:00','High'),(131,'Drought','West Bengal','2021-12-02 00:00:00','Medium'),(132,'Flood','Odisha','2024-03-25 00:00:00','High'),(133,'Landslide','Bihar','2022-02-11 00:00:00','Low'),(134,'Drought','Gujarat','2022-09-10 00:00:00','High'),(135,'Drought','West Bengal','2024-03-05 00:00:00','Low'),(136,'Earthquake','Bihar','2021-05-22 00:00:00','High'),(138,'Landslide','West Bengal','2023-01-12 00:00:00','High'),(139,'Landslide','Assam','2023-12-05 00:00:00','High'),(140,'Earthquake','UP','2022-07-04 00:00:00','Medium'),(141,'Cyclone','West Bengal','2023-07-13 00:00:00','Low'),(142,'Landslide','Bihar','2023-10-10 00:00:00','Medium'),(143,'Cyclone','UP','2022-06-14 00:00:00','Medium'),(144,'Earthquake','Kerala','2023-11-25 00:00:00','Low'),(145,'Flood','Gujarat','2023-09-28 00:00:00','High'),(146,'Cyclone','UP','2023-10-03 00:00:00','Medium'),(147,'Flood','West Bengal','2023-04-09 00:00:00','High'),(148,'Cyclone','Kerala','2023-01-26 00:00:00','Medium'),(149,'Drought','Tamil Nadu','2024-02-02 00:00:00','Medium'),(150,'Earthquake','UP','2022-05-30 00:00:00','Low'),(151,'Flood','Gujarat','2024-01-03 00:00:00','High'),(152,'Cyclone','Gujarat','2023-09-19 00:00:00','Medium'),(153,'Unknown','Kerala','2022-02-02 00:00:00','Medium'),(154,'Cyclone','Tamil Nadu','2021-01-29 00:00:00','High'),(155,'Drought','Assam','2021-04-22 00:00:00','High'),(156,'Earthquake','Assam','2023-10-03 00:00:00','Low'),(157,'Flood','Kerala','2023-06-22 00:00:00','Medium'),(158,'Cyclone','Odisha','2023-09-06 00:00:00','Low'),(159,'Flood','Bihar','2024-03-27 00:00:00','High'),(160,'Unknown','Odisha','2024-02-27 00:00:00','Medium'),(161,'Flood','Gujarat','2023-05-03 00:00:00','High'),(162,'Drought','Gujarat','2023-02-19 00:00:00','Medium'),(163,'Landslide','Kerala','2023-05-29 00:00:00','Medium'),(164,'Drought','Odisha','2021-07-23 00:00:00','Low'),(165,'Unknown','Gujarat','2021-06-16 00:00:00','Low'),(166,'Cyclone','Assam','2021-11-17 00:00:00','Low'),(167,'Landslide','UP','2023-08-21 00:00:00','Medium'),(168,'Flood','Gujarat','2022-08-03 00:00:00','High'),(169,'Landslide','West Bengal','2022-06-26 00:00:00','High'),(170,'Drought','Gujarat','2024-01-21 00:00:00','Low'),(171,'Unknown','Assam','2021-10-19 00:00:00','Low'),(172,'Flood','Assam','2024-03-11 00:00:00','Medium'),(173,'Landslide','West Bengal','2022-09-15 00:00:00','High'),(174,'Landslide','Kerala','2023-10-09 00:00:00','Medium'),(175,'Flood','Odisha','2022-10-23 00:00:00','High'),(176,'Earthquake','Odisha','2024-03-24 00:00:00','High'),(177,'Flood','Kerala','2021-12-25 00:00:00','Medium'),(178,'Drought','UP','2022-01-07 00:00:00','High'),(179,'Landslide','UP','2023-08-21 00:00:00','Medium'),(180,'Landslide','Tamil Nadu','2021-08-03 00:00:00','Low'),(181,'Earthquake','Bihar','2022-08-14 00:00:00','High'),(182,'Landslide','Odisha','2022-10-07 00:00:00','Medium'),(183,'Earthquake','West Bengal','2023-04-08 00:00:00','High'),(184,'Flood','UP','2022-01-20 00:00:00','High'),(185,'Earthquake','UP','2021-04-16 00:00:00','Low'),(186,'Earthquake','Assam','2023-06-17 00:00:00','High'),(188,'Drought','Gujarat','2022-09-29 00:00:00','High'),(189,'Flood','Bihar','2021-08-21 00:00:00','Medium'),(190,'Flood','Assam','2022-08-21 00:00:00','High'),(191,'Unknown','Kerala','2023-09-16 00:00:00','Medium'),(192,'Cyclone','UP','2023-02-25 00:00:00','Low'),(193,'Drought','Assam','2022-07-20 00:00:00','Medium'),(194,'Earthquake','Kerala','2022-08-03 00:00:00','High'),(195,'Earthquake','UP','2023-07-04 00:00:00','High'),(196,'Landslide','Tamil Nadu','2024-01-18 00:00:00','Medium'),(197,'Landslide','Tamil Nadu','2022-05-05 00:00:00','High'),(198,'Landslide','Gujarat','2023-04-22 00:00:00','Low'),(199,'Earthquake','UP','2023-02-20 00:00:00','Medium'),(200,'Unknown','Assam','2021-03-17 00:00:00','Low'),(201,'Drought','Tamil Nadu','2023-06-21 00:00:00','Low'),(203,'Landslide','Assam','2022-06-27 00:00:00','Medium'),(204,'Drought','Bihar','2022-11-04 00:00:00','High'),(205,'Drought','Bihar','2023-09-27 00:00:00','High'),(206,'Flood','West Bengal','2022-08-12 00:00:00','Low'),(207,'Unknown','West Bengal','2021-07-21 00:00:00','High'),(208,'Unknown','West Bengal','2022-09-06 00:00:00','Low'),(209,'Flood','Tamil Nadu','2022-08-24 00:00:00','Medium'),(210,'Earthquake','Bihar','2023-12-24 00:00:00','Medium'),(211,'Drought','Assam','2021-06-11 00:00:00','High'),(212,'Landslide','Gujarat','2024-04-09 00:00:00','Low'),(213,'Cyclone','UP','2023-07-31 00:00:00','Medium'),(214,'Unknown','Odisha','2023-08-11 00:00:00','Medium'),(215,'Unknown','Assam','2022-12-09 00:00:00','High'),(216,'Earthquake','Bihar','2023-07-25 00:00:00','Medium'),(217,'Cyclone','Bihar','2021-08-07 00:00:00','Low'),(218,'Landslide','Tamil Nadu','2022-08-28 00:00:00','Low'),(219,'Unknown','Bihar','2024-03-05 00:00:00','High'),(220,'Unknown','Odisha','2023-10-15 00:00:00','Medium'),(221,'Cyclone','Tamil Nadu','2022-01-25 00:00:00','High'),(222,'Earthquake','Assam','2021-03-22 00:00:00','Medium'),(223,'Landslide','Odisha','2021-09-27 00:00:00','Low'),(224,'Earthquake','Tamil Nadu','2021-12-26 00:00:00','Low'),(225,'Cyclone','Tamil Nadu','2022-07-13 00:00:00','Low'),(226,'Earthquake','UP','2022-08-28 00:00:00','High'),(227,'Earthquake','West Bengal','2021-06-04 00:00:00','Low'),(228,'Cyclone','Bihar','2024-02-16 00:00:00','Medium'),(230,'Flood','UP','2022-06-21 00:00:00','High'),(231,'Landslide','Tamil Nadu','2022-04-24 00:00:00','Medium'),(232,'Flood','Tamil Nadu','2022-03-30 00:00:00','High'),(233,'Flood','UP','2022-09-11 00:00:00','High'),(234,'Landslide','West Bengal','2021-03-18 00:00:00','Medium'),(235,'Landslide','West Bengal','2024-01-06 00:00:00','Low'),(236,'Landslide','UP','2024-01-12 00:00:00','Medium'),(237,'Drought','Assam','2021-07-22 00:00:00','Medium'),(238,'Drought','Bihar','2022-07-27 00:00:00','Low'),(239,'Unknown','Tamil Nadu','2023-06-30 00:00:00','Low'),(240,'Earthquake','West Bengal','2023-01-23 00:00:00','High'),(241,'Unknown','Tamil Nadu','2022-07-20 00:00:00','Low'),(242,'Flood','UP','2022-03-11 00:00:00','High'),(243,'Unknown','Odisha','2022-11-15 00:00:00','Low'),(244,'Cyclone','Gujarat','2024-02-10 00:00:00','Low'),(245,'Drought','Gujarat','2022-04-23 00:00:00','Medium'),(246,'Cyclone','Odisha','2021-10-24 00:00:00','Low'),(247,'Drought','Kerala','2021-08-14 00:00:00','High'),(250,'Flood','Assam','2023-12-14 00:00:00','Low'),(251,'Unknown','West Bengal','2023-01-12 00:00:00','High'),(252,'Drought','West Bengal','2022-03-30 00:00:00','High'),(253,'Flood','Kerala','2021-03-05 00:00:00','Low'),(254,'Landslide','Bihar','2021-08-10 00:00:00','Medium'),(255,'Unknown','UP','2021-06-15 00:00:00','Medium'),(256,'Drought','Assam','2022-07-18 00:00:00','High'),(257,'Unknown','Tamil Nadu','2023-12-23 00:00:00','Medium'),(258,'Landslide','Bihar','2021-08-23 00:00:00','High'),(259,'Unknown','Gujarat','2022-04-13 00:00:00','Medium'),(260,'Earthquake','UP','2021-07-14 00:00:00','Medium'),(261,'Landslide','Tamil Nadu','2023-02-06 00:00:00','Low'),(262,'Unknown','UP','2021-06-24 00:00:00','Low'),(263,'Landslide','West Bengal','2023-02-03 00:00:00','Low'),(264,'Drought','Odisha','2024-02-25 00:00:00','High'),(265,'Earthquake','West Bengal','2023-05-17 00:00:00','High'),(266,'Flood','Kerala','2022-12-22 00:00:00','Low'),(267,'Drought','Gujarat','2023-09-15 00:00:00','Low'),(268,'Flood','Tamil Nadu','2023-01-23 00:00:00','Low'),(269,'Earthquake','Gujarat','2024-02-23 00:00:00','High'),(270,'Drought','Odisha','2022-07-02 00:00:00','Low'),(271,'Cyclone','Kerala','2022-09-25 00:00:00','Medium'),(272,'Earthquake','Odisha','2021-10-21 00:00:00','High'),(273,'Unknown','Bihar','2021-03-04 00:00:00','Low'),(274,'Unknown','Gujarat','2023-07-19 00:00:00','Medium'),(275,'Cyclone','Tamil Nadu','2022-10-27 00:00:00','High'),(276,'Drought','West Bengal','2021-11-15 00:00:00','Low'),(277,'Drought','Odisha','2022-07-12 00:00:00','Medium'),(278,'Unknown','Bihar','2023-06-25 00:00:00','Medium'),(279,'Earthquake','Gujarat','2021-08-22 00:00:00','Medium'),(280,'Landslide','West Bengal','2023-09-24 00:00:00','High'),(283,'Cyclone','Assam','2022-08-16 00:00:00','Medium'),(284,'Flood','Odisha','2023-06-01 00:00:00','Low'),(285,'Cyclone','Bihar','2022-04-17 00:00:00','High'),(286,'Drought','Tamil Nadu','2021-03-28 00:00:00','Medium'),(287,'Flood','UP','2022-10-04 00:00:00','High'),(288,'Landslide','Bihar','2023-05-06 00:00:00','Medium'),(290,'Cyclone','UP','2023-01-12 00:00:00','Low'),(291,'Landslide','West Bengal','2023-04-01 00:00:00','High'),(292,'Flood','Bihar','2022-11-27 00:00:00','Low'),(293,'Earthquake','Assam','2021-08-22 00:00:00','High'),(294,'Drought','Gujarat','2022-12-17 00:00:00','Medium'),(295,'Unknown','Assam','2021-10-27 00:00:00','Medium'),(296,'Cyclone','Assam','2021-06-04 00:00:00','Low'),(297,'Unknown','UP','2024-02-29 00:00:00','High'),(298,'Landslide','Tamil Nadu','2022-10-10 00:00:00','Low'),(299,'Landslide','West Bengal','2022-09-13 00:00:00','Medium'),(300,'Drought','Odisha','2021-06-01 00:00:00','Medium'),(302,'Earthquake','West Bengal','2021-07-04 00:00:00','High'),(303,'Drought','Bihar','2024-02-10 00:00:00','High'),(304,'Flood','UP','2024-03-16 00:00:00','High'),(305,'Cyclone','Tamil Nadu','2023-10-24 00:00:00','Low'),(306,'Flood','UP','2022-12-05 00:00:00','High'),(308,'Landslide','UP','2021-11-22 00:00:00','Medium'),(309,'Earthquake','Kerala','2022-11-24 00:00:00','High'),(310,'Drought','Odisha','2022-11-17 00:00:00','Low'),(311,'Earthquake','West Bengal','2023-03-03 00:00:00','Medium'),(312,'Earthquake','Assam','2024-04-08 00:00:00','High'),(313,'Cyclone','Tamil Nadu','2023-03-14 00:00:00','Low'),(314,'Drought','West Bengal','2023-02-11 00:00:00','High'),(315,'Earthquake','Assam','2023-12-15 00:00:00','Low'),(316,'Unknown','Bihar','2021-02-07 00:00:00','Medium'),(317,'Earthquake','Assam','2022-12-01 00:00:00','Medium'),(318,'Cyclone','Gujarat','2021-11-14 00:00:00','Low'),(319,'Earthquake','West Bengal','2024-01-11 00:00:00','High'),(320,'Drought','Odisha','2021-09-26 00:00:00','High'),(321,'Landslide','Assam','2021-12-06 00:00:00','High'),(322,'Landslide','Odisha','2022-05-02 00:00:00','Medium'),(323,'Drought','Kerala','2023-07-09 00:00:00','Low'),(324,'Drought','Gujarat','2023-08-19 00:00:00','Low'),(325,'Earthquake','UP','2022-08-01 00:00:00','Medium'),(326,'Drought','Bihar','2022-02-13 00:00:00','High'),(327,'Cyclone','Kerala','2023-09-12 00:00:00','Medium'),(328,'Drought','West Bengal','2023-11-23 00:00:00','Low'),(329,'Earthquake','West Bengal','2022-07-13 00:00:00','Medium'),(330,'Drought','Assam','2021-07-07 00:00:00','Low'),(331,'Landslide','Tamil Nadu','2023-04-30 00:00:00','Low'),(332,'Landslide','Tamil Nadu','2021-06-17 00:00:00','Medium'),(333,'Cyclone','Odisha','2021-07-22 00:00:00','High'),(334,'Unknown','Tamil Nadu','2021-10-09 00:00:00','Low'),(335,'Earthquake','UP','2021-10-12 00:00:00','High'),(336,'Landslide','UP','2021-06-12 00:00:00','Low'),(337,'Earthquake','Gujarat','2024-01-29 00:00:00','High'),(338,'Drought','Bihar','2022-08-14 00:00:00','Low'),(340,'Unknown','UP','2023-10-21 00:00:00','High'),(341,'Drought','Odisha','2024-03-23 00:00:00','Low'),(342,'Unknown','Assam','2021-01-04 00:00:00','High'),(343,'Earthquake','Gujarat','2022-01-19 00:00:00','High'),(344,'Unknown','West Bengal','2023-01-09 00:00:00','Low'),(345,'Drought','Odisha','2023-08-21 00:00:00','Low'),(346,'Unknown','Bihar','2022-06-04 00:00:00','High'),(347,'Flood','Tamil Nadu','2022-12-08 00:00:00','Low'),(348,'Unknown','West Bengal','2022-11-12 00:00:00','Low'),(349,'Flood','Tamil Nadu','2021-12-25 00:00:00','High'),(350,'Landslide','UP','2021-10-04 00:00:00','Low'),(352,'Flood','Gujarat','2022-10-09 00:00:00','Medium'),(353,'Drought','Bihar','2024-01-18 00:00:00','Medium'),(354,'Earthquake','Odisha','2022-01-27 00:00:00','Medium'),(355,'Earthquake','Odisha','2022-11-11 00:00:00','Medium'),(356,'Flood','Tamil Nadu','2023-03-31 00:00:00','High'),(357,'Landslide','Bihar','2022-01-18 00:00:00','Medium'),(358,'Unknown','UP','2023-11-30 00:00:00','Medium'),(359,'Flood','Bihar','2022-01-05 00:00:00','High'),(360,'Earthquake','Tamil Nadu','2022-11-03 00:00:00','High'),(361,'Earthquake','Kerala','2023-05-23 00:00:00','Low'),(362,'Unknown','UP','2021-03-28 00:00:00','High'),(363,'Earthquake','Bihar','2021-04-28 00:00:00','Low'),(364,'Unknown','Bihar','2021-11-24 00:00:00','Low'),(366,'Cyclone','Tamil Nadu','2024-03-07 00:00:00','Low'),(367,'Drought','Assam','2023-01-30 00:00:00','Medium'),(368,'Landslide','West Bengal','2023-12-21 00:00:00','Medium'),(369,'Landslide','Tamil Nadu','2022-05-27 00:00:00','Low'),(370,'Flood','Assam','2023-03-04 00:00:00','High'),(371,'Flood','Kerala','2023-07-03 00:00:00','Low'),(372,'Drought','Kerala','2023-10-03 00:00:00','Low'),(373,'Flood','Assam','2023-07-15 00:00:00','Low'),(374,'Unknown','UP','2022-10-17 00:00:00','High'),(375,'Earthquake','West Bengal','2022-08-18 00:00:00','Medium'),(376,'Cyclone','Assam','2023-11-08 00:00:00','Low'),(377,'Flood','Gujarat','2022-04-30 00:00:00','Medium'),(378,'Flood','Tamil Nadu','2023-01-26 00:00:00','Medium'),(379,'Drought','Assam','2021-06-26 00:00:00','Low'),(380,'Earthquake','Bihar','2023-09-08 00:00:00','High'),(381,'Landslide','Bihar','2021-06-01 00:00:00','Low'),(382,'Earthquake','West Bengal','2023-11-26 00:00:00','Medium'),(383,'Cyclone','Assam','2021-09-22 00:00:00','Medium'),(384,'Drought','Odisha','2023-11-28 00:00:00','Low'),(385,'Earthquake','Assam','2022-04-07 00:00:00','Medium'),(386,'Drought','Kerala','2022-05-29 00:00:00','Low'),(387,'Unknown','Kerala','2022-09-13 00:00:00','High'),(388,'Drought','West Bengal','2021-12-12 00:00:00','High'),(389,'Drought','Assam','2022-11-23 00:00:00','High'),(390,'Flood','Odisha','2024-03-27 00:00:00','Medium'),(391,'Unknown','Gujarat','2023-05-04 00:00:00','High'),(392,'Unknown','Odisha','2024-01-23 00:00:00','Medium'),(393,'Unknown','Kerala','2023-04-12 00:00:00','Medium'),(394,'Landslide','West Bengal','2021-11-20 00:00:00','Medium'),(395,'Landslide','UP','2022-11-28 00:00:00','High'),(396,'Cyclone','Tamil Nadu','2022-10-16 00:00:00','High'),(397,'Earthquake','Bihar','2023-01-29 00:00:00','High'),(398,'Drought','West Bengal','2023-08-14 00:00:00','Low'),(399,'Earthquake','UP','2021-07-18 00:00:00','Low'),(400,'Earthquake','Bihar','2023-05-07 00:00:00','Low'),(401,'Cyclone','Tamil Nadu','2022-10-03 00:00:00','Low'),(402,'Cyclone','UP','2023-08-15 00:00:00','Medium'),(404,'Drought','UP','2022-03-17 00:00:00','High'),(405,'Earthquake','Odisha','2023-10-11 00:00:00','High'),(406,'Unknown','UP','2021-01-17 00:00:00','Low'),(407,'Landslide','Assam','2023-01-20 00:00:00','Medium'),(408,'Earthquake','Odisha','2024-03-13 00:00:00','High'),(409,'Cyclone','Tamil Nadu','2021-05-31 00:00:00','Medium'),(410,'Drought','UP','2022-07-27 00:00:00','High'),(411,'Unknown','West Bengal','2021-07-18 00:00:00','Medium'),(412,'Earthquake','Tamil Nadu','2023-01-19 00:00:00','Low'),(413,'Cyclone','Bihar','2021-04-03 00:00:00','Low'),(414,'Cyclone','Tamil Nadu','2023-11-30 00:00:00','Medium'),(415,'Cyclone','Assam','2022-10-15 00:00:00','Low'),(416,'Landslide','Kerala','2023-11-05 00:00:00','High'),(417,'Drought','UP','2022-09-06 00:00:00','Medium'),(418,'Flood','Tamil Nadu','2021-08-13 00:00:00','Medium'),(419,'Drought','Kerala','2021-02-24 00:00:00','High'),(420,'Landslide','Kerala','2024-03-30 00:00:00','High'),(421,'Cyclone','Odisha','2021-12-16 00:00:00','High'),(422,'Unknown','Bihar','2022-05-12 00:00:00','Low'),(423,'Drought','West Bengal','2023-06-23 00:00:00','Medium'),(424,'Landslide','Assam','2022-02-22 00:00:00','Medium'),(425,'Drought','UP','2021-05-08 00:00:00','High'),(426,'Cyclone','Gujarat','2023-09-07 00:00:00','High'),(427,'Landslide','Tamil Nadu','2023-07-31 00:00:00','High'),(428,'Earthquake','Tamil Nadu','2022-06-26 00:00:00','High'),(429,'Landslide','Gujarat','2022-07-26 00:00:00','High'),(430,'Earthquake','Gujarat','2022-09-02 00:00:00','Medium'),(431,'Unknown','Gujarat','2023-09-29 00:00:00','Medium'),(432,'Landslide','Tamil Nadu','2022-07-15 00:00:00','Medium'),(433,'Flood','Bihar','2023-03-20 00:00:00','Medium'),(435,'Flood','Tamil Nadu','2022-06-10 00:00:00','High'),(436,'Landslide','Gujarat','2024-01-09 00:00:00','Medium'),(437,'Drought','Kerala','2022-05-06 00:00:00','Low'),(438,'Flood','Gujarat','2021-04-18 00:00:00','Low'),(439,'Landslide','Tamil Nadu','2021-07-25 00:00:00','High'),(440,'Cyclone','Odisha','2021-11-20 00:00:00','Medium'),(441,'Unknown','UP','2022-02-13 00:00:00','Medium'),(442,'Earthquake','Kerala','2021-07-03 00:00:00','High'),(443,'Drought','Gujarat','2021-03-18 00:00:00','Low'),(444,'Landslide','Assam','2021-03-16 00:00:00','Medium'),(445,'Landslide','Assam','2022-08-16 00:00:00','Low'),(446,'Flood','Kerala','2021-08-08 00:00:00','Medium'),(447,'Earthquake','UP','2024-01-18 00:00:00','High'),(448,'Landslide','Assam','2023-08-17 00:00:00','Medium'),(449,'Cyclone','West Bengal','2023-07-29 00:00:00','High'),(451,'Earthquake','Gujarat','2023-04-11 00:00:00','Medium'),(452,'Drought','Tamil Nadu','2021-07-15 00:00:00','Low'),(453,'Cyclone','UP','2022-05-24 00:00:00','Low'),(454,'Earthquake','Bihar','2022-07-01 00:00:00','Medium'),(455,'Earthquake','Odisha','2023-01-07 00:00:00','High'),(456,'Cyclone','Odisha','2023-08-12 00:00:00','Medium'),(457,'Cyclone','Bihar','2022-09-29 00:00:00','High'),(458,'Flood','Kerala','2022-03-29 00:00:00','Low'),(459,'Cyclone','UP','2023-02-05 00:00:00','Medium'),(460,'Unknown','UP','2022-03-24 00:00:00','Low'),(461,'Unknown','West Bengal','2023-12-18 00:00:00','High'),(462,'Earthquake','West Bengal','2021-08-18 00:00:00','Low'),(463,'Drought','Gujarat','2021-11-03 00:00:00','Low'),(464,'Earthquake','UP','2022-02-25 00:00:00','High'),(465,'Drought','UP','2023-11-12 00:00:00','Medium'),(466,'Flood','UP','2023-05-01 00:00:00','Medium'),(467,'Drought','Odisha','2022-09-24 00:00:00','High'),(468,'Flood','Bihar','2021-01-07 00:00:00','High'),(470,'Unknown','West Bengal','2021-05-04 00:00:00','Low'),(471,'Landslide','Odisha','2022-01-04 00:00:00','Low'),(472,'Unknown','Bihar','2023-02-23 00:00:00','Medium'),(473,'Landslide','Bihar','2024-01-10 00:00:00','Low'),(474,'Unknown','Tamil Nadu','2024-01-06 00:00:00','Medium'),(475,'Drought','Assam','2022-04-02 00:00:00','Low'),(476,'Flood','Kerala','2024-01-21 00:00:00','Medium'),(477,'Drought','Bihar','2022-05-22 00:00:00','Medium'),(478,'Earthquake','Assam','2021-08-20 00:00:00','Low'),(479,'Unknown','Bihar','2021-02-02 00:00:00','Low'),(480,'Cyclone','West Bengal','2021-03-10 00:00:00','Medium'),(481,'Drought','Odisha','2021-04-01 00:00:00','Medium'),(482,'Landslide','Gujarat','2021-04-26 00:00:00','Low'),(483,'Drought','Kerala','2024-03-25 00:00:00','Medium'),(484,'Drought','Tamil Nadu','2021-10-21 00:00:00','High'),(485,'Drought','Gujarat','2022-07-18 00:00:00','Low'),(486,'Drought','Assam','2023-05-25 00:00:00','High'),(487,'Landslide','Odisha','2023-02-20 00:00:00','High'),(488,'Earthquake','Bihar','2022-09-07 00:00:00','Medium'),(489,'Cyclone','UP','2022-04-07 00:00:00','Medium'),(490,'Unknown','Assam','2021-04-29 00:00:00','High'),(491,'Landslide','Bihar','2021-10-02 00:00:00','Medium'),(492,'Cyclone','Kerala','2021-06-11 00:00:00','Medium'),(493,'Earthquake','West Bengal','2022-01-26 00:00:00','Low'),(494,'Earthquake','Bihar','2021-03-22 00:00:00','Low'),(495,'Cyclone','Gujarat','2022-11-13 00:00:00','Medium'),(496,'Flood','Gujarat','2021-08-29 00:00:00','High'),(497,'Landslide','Gujarat','2022-02-23 00:00:00','Medium'),(498,'Cyclone','Tamil Nadu','2023-02-19 00:00:00','Medium'),(499,'Drought','Tamil Nadu','2023-01-07 00:00:00','High'),(500,'Landslide','UP','2023-08-20 00:00:00','Medium'),(501,'Cyclone','Tamil Nadu','2021-04-04 00:00:00','High'),(503,'Drought','Bihar','2022-02-06 00:00:00','Medium'),(504,'Cyclone','Bihar','2022-05-19 00:00:00','Medium'),(505,'Drought','Tamil Nadu','2023-09-28 00:00:00','High'),(506,'Unknown','UP','2022-12-23 00:00:00','Low'),(507,'Cyclone','UP','2024-01-16 00:00:00','High'),(508,'Flood','Odisha','2021-06-02 00:00:00','High'),(509,'Flood','Odisha','2022-04-19 00:00:00','Low'),(511,'Landslide','Tamil Nadu','2023-09-17 00:00:00','High'),(515,'Unknown','Bihar','2022-01-03 00:00:00','Low'),(516,'Flood','Assam','2023-12-15 00:00:00','Medium'),(517,'Earthquake','Kerala','2021-06-11 00:00:00','Medium'),(518,'Landslide','UP','2022-04-08 00:00:00','Medium'),(519,'Unknown','West Bengal','2021-03-06 00:00:00','Low'),(520,'Landslide','Bihar','2023-09-02 00:00:00','Low'),(521,'Unknown','Odisha','2021-06-19 00:00:00','Medium'),(522,'Landslide','Tamil Nadu','2021-07-15 00:00:00','High'),(523,'Flood','Gujarat','2024-03-06 00:00:00','Medium'),(524,'Earthquake','Odisha','2022-07-29 00:00:00','High'),(525,'Drought','Odisha','2022-10-07 00:00:00','Low'),(526,'Cyclone','Assam','2023-03-27 00:00:00','Low'),(527,'Earthquake','Assam','2024-03-06 00:00:00','Medium'),(528,'Unknown','Tamil Nadu','2021-10-14 00:00:00','High'),(529,'Unknown','West Bengal','2022-12-10 00:00:00','Low'),(530,'Flood','Bihar','2021-06-05 00:00:00','Medium'),(531,'Drought','Bihar','2022-10-31 00:00:00','Low'),(532,'Unknown','Kerala','2023-07-12 00:00:00','Medium'),(533,'Cyclone','Tamil Nadu','2023-02-08 00:00:00','Medium'),(534,'Cyclone','Bihar','2022-08-28 00:00:00','Low'),(535,'Unknown','West Bengal','2021-11-12 00:00:00','Medium'),(536,'Unknown','Assam','2022-10-11 00:00:00','Medium'),(538,'Landslide','Tamil Nadu','2021-07-29 00:00:00','Low'),(539,'Flood','Assam','2024-02-15 00:00:00','High'),(540,'Drought','Bihar','2021-07-03 00:00:00','Medium'),(541,'Drought','West Bengal','2022-10-27 00:00:00','Medium'),(542,'Flood','Kerala','2021-06-23 00:00:00','High'),(543,'Drought','Gujarat','2021-12-14 00:00:00','High'),(544,'Landslide','Assam','2022-09-09 00:00:00','Medium'),(545,'Landslide','Assam','2023-06-10 00:00:00','Medium'),(546,'Landslide','Kerala','2021-06-07 00:00:00','Medium'),(547,'Earthquake','Gujarat','2023-10-13 00:00:00','High'),(548,'Drought','Gujarat','2021-10-05 00:00:00','Medium'),(549,'Flood','Bihar','2023-02-18 00:00:00','Medium'),(550,'Landslide','Tamil Nadu','2021-10-06 00:00:00','Medium'),(551,'Earthquake','Gujarat','2021-12-30 00:00:00','Medium'),(552,'Earthquake','Kerala','2023-10-03 00:00:00','High'),(553,'Cyclone','Tamil Nadu','2023-03-16 00:00:00','Medium'),(554,'Flood','Gujarat','2024-01-23 00:00:00','Low'),(555,'Unknown','Odisha','2023-08-04 00:00:00','High'),(556,'Cyclone','UP','2021-05-22 00:00:00','Medium'),(557,'Unknown','UP','2022-09-13 00:00:00','Low'),(558,'Earthquake','Assam','2023-02-12 00:00:00','Low'),(559,'Landslide','UP','2023-12-31 00:00:00','High'),(560,'Unknown','Bihar','2023-01-07 00:00:00','High'),(561,'Drought','West Bengal','2022-05-24 00:00:00','High'),(562,'Unknown','Tamil Nadu','2021-04-01 00:00:00','High'),(563,'Unknown','Bihar','2022-11-11 00:00:00','Medium'),(564,'Flood','Odisha','2022-03-31 00:00:00','High'),(565,'Unknown','Gujarat','2023-03-13 00:00:00','Medium'),(566,'Unknown','Assam','2021-02-20 00:00:00','Medium'),(567,'Flood','Kerala','2021-06-25 00:00:00','Low'),(568,'Unknown','Assam','2022-12-04 00:00:00','Medium'),(569,'Cyclone','UP','2021-07-19 00:00:00','Medium'),(570,'Unknown','UP','2022-09-07 00:00:00','Low'),(572,'Unknown','West Bengal','2021-12-03 00:00:00','High'),(573,'Cyclone','Assam','2022-11-09 00:00:00','High'),(574,'Landslide','UP','2023-04-10 00:00:00','High'),(575,'Cyclone','Assam','2023-06-05 00:00:00','Medium'),(576,'Flood','Gujarat','2023-05-30 00:00:00','Medium'),(577,'Flood','Gujarat','2021-05-09 00:00:00','High'),(578,'Flood','Assam','2022-02-08 00:00:00','Medium'),(579,'Flood','Kerala','2023-09-30 00:00:00','High'),(580,'Unknown','Tamil Nadu','2023-03-15 00:00:00','High'),(581,'Flood','Tamil Nadu','2023-07-27 00:00:00','High'),(582,'Cyclone','Kerala','2021-06-23 00:00:00','High'),(583,'Cyclone','Tamil Nadu','2022-09-18 00:00:00','Low'),(584,'Cyclone','Tamil Nadu','2023-11-13 00:00:00','Medium'),(585,'Landslide','Assam','2023-05-17 00:00:00','Low'),(586,'Landslide','Assam','2023-09-30 00:00:00','Medium'),(587,'Cyclone','Assam','2023-07-13 00:00:00','High'),(588,'Flood','Tamil Nadu','2023-09-20 00:00:00','Low'),(589,'Cyclone','Bihar','2023-11-02 00:00:00','High'),(590,'Landslide','Bihar','2023-05-02 00:00:00','High'),(591,'Landslide','UP','2024-03-03 00:00:00','Low'),(593,'Drought','Kerala','2023-07-26 00:00:00','High'),(594,'Unknown','UP','2021-08-20 00:00:00','High'),(595,'Flood','Kerala','2023-01-22 00:00:00','High'),(596,'Flood','UP','2023-05-21 00:00:00','Low'),(597,'Unknown','Gujarat','2021-03-08 00:00:00','Medium'),(598,'Earthquake','Tamil Nadu','2021-06-28 00:00:00','Medium'),(599,'Flood','Gujarat','2022-12-20 00:00:00','High'),(600,'Drought','Bihar','2021-10-13 00:00:00','Low'),(601,'Cyclone','Odisha','2023-12-27 00:00:00','Medium'),(602,'Drought','Assam','2022-08-23 00:00:00','Medium'),(603,'Drought','Kerala','2023-11-20 00:00:00','High'),(604,'Flood','Assam','2023-04-23 00:00:00','Low'),(605,'Earthquake','Assam','2021-09-29 00:00:00','Low'),(606,'Cyclone','Tamil Nadu','2023-03-16 00:00:00','Medium'),(607,'Cyclone','Kerala','2023-02-08 00:00:00','Medium'),(608,'Flood','West Bengal','2022-07-24 00:00:00','High'),(609,'Earthquake','UP','2022-11-02 00:00:00','High'),(610,'Flood','West Bengal','2023-07-28 00:00:00','High'),(611,'Unknown','Tamil Nadu','2023-12-31 00:00:00','Medium'),(612,'Cyclone','Bihar','2023-10-11 00:00:00','Medium'),(613,'Earthquake','Kerala','2024-03-29 00:00:00','Low'),(614,'Drought','UP','2021-04-10 00:00:00','Low'),(617,'Cyclone','Assam','2022-09-11 00:00:00','Low'),(618,'Earthquake','West Bengal','2022-05-28 00:00:00','Low'),(619,'Earthquake','Assam','2022-09-18 00:00:00','High'),(620,'Unknown','Gujarat','2021-07-06 00:00:00','High'),(621,'Flood','Odisha','2021-06-09 00:00:00','Low'),(622,'Drought','Gujarat','2023-07-01 00:00:00','Low'),(623,'Flood','Tamil Nadu','2023-05-15 00:00:00','High'),(624,'Cyclone','UP','2023-02-24 00:00:00','Low'),(625,'Unknown','West Bengal','2023-01-23 00:00:00','Medium'),(626,'Cyclone','Bihar','2021-09-30 00:00:00','High'),(627,'Unknown','Assam','2024-02-28 00:00:00','Low'),(628,'Drought','Assam','2022-03-13 00:00:00','High'),(629,'Unknown','Assam','2023-06-26 00:00:00','Low'),(630,'Flood','West Bengal','2021-09-10 00:00:00','High'),(631,'Unknown','Bihar','2023-05-30 00:00:00','Medium'),(632,'Cyclone','Gujarat','2021-06-22 00:00:00','Low'),(633,'Drought','Kerala','2021-02-24 00:00:00','High'),(634,'Earthquake','Gujarat','2023-11-10 00:00:00','Low'),(635,'Unknown','Bihar','2021-04-22 00:00:00','Low'),(636,'Landslide','Bihar','2023-10-21 00:00:00','High'),(637,'Drought','West Bengal','2021-01-25 00:00:00','Medium'),(638,'Earthquake','Assam','2024-03-10 00:00:00','Medium'),(639,'Earthquake','Assam','2021-05-30 00:00:00','Low'),(641,'Flood','Odisha','2023-03-27 00:00:00','High'),(642,'Earthquake','Bihar','2023-04-04 00:00:00','Low'),(643,'Unknown','Assam','2022-09-27 00:00:00','Low'),(644,'Drought','Gujarat','2021-11-15 00:00:00','High'),(645,'Earthquake','Bihar','2021-05-16 00:00:00','Medium'),(646,'Unknown','Bihar','2022-05-04 00:00:00','Low'),(647,'Cyclone','West Bengal','2021-08-26 00:00:00','Medium'),(648,'Drought','Odisha','2021-12-26 00:00:00','Low'),(649,'Flood','Assam','2021-12-02 00:00:00','Medium'),(650,'Earthquake','Kerala','2021-09-17 00:00:00','High'),(651,'Earthquake','West Bengal','2021-03-02 00:00:00','Medium'),(652,'Landslide','Kerala','2022-06-23 00:00:00','High'),(653,'Drought','West Bengal','2023-11-13 00:00:00','Medium'),(654,'Flood','UP','2021-12-08 00:00:00','Medium'),(655,'Cyclone','Kerala','2024-03-21 00:00:00','High'),(656,'Unknown','West Bengal','2023-11-09 00:00:00','Low'),(657,'Flood','Odisha','2023-08-25 00:00:00','Medium'),(658,'Landslide','Assam','2021-03-14 00:00:00','High'),(659,'Unknown','Bihar','2022-05-24 00:00:00','Medium'),(660,'Unknown','Tamil Nadu','2021-06-09 00:00:00','High'),(661,'Earthquake','West Bengal','2021-04-18 00:00:00','Low'),(662,'Cyclone','Odisha','2021-05-22 00:00:00','Medium'),(663,'Earthquake','Kerala','2024-02-07 00:00:00','Medium'),(664,'Flood','Tamil Nadu','2024-02-29 00:00:00','Medium'),(665,'Unknown','Gujarat','2023-10-08 00:00:00','Low'),(666,'Unknown','Gujarat','2023-04-20 00:00:00','Low'),(667,'Cyclone','Tamil Nadu','2021-01-20 00:00:00','Medium'),(668,'Flood','Bihar','2022-09-22 00:00:00','Low'),(669,'Cyclone','Gujarat','2021-05-03 00:00:00','Low'),(670,'Unknown','Kerala','2022-04-20 00:00:00','High'),(671,'Landslide','Tamil Nadu','2021-06-23 00:00:00','High'),(672,'Flood','Assam','2023-03-19 00:00:00','Low'),(673,'Drought','Odisha','2021-09-25 00:00:00','Low'),(674,'Earthquake','Kerala','2023-03-16 00:00:00','High'),(675,'Unknown','Tamil Nadu','2022-07-11 00:00:00','Low'),(676,'Flood','Gujarat','2024-04-12 00:00:00','Low'),(677,'Cyclone','West Bengal','2023-08-13 00:00:00','Medium'),(678,'Landslide','West Bengal','2022-03-02 00:00:00','Medium'),(679,'Earthquake','UP','2021-09-03 00:00:00','Low'),(680,'Cyclone','Kerala','2021-03-24 00:00:00','Low'),(681,'Earthquake','Assam','2022-05-24 00:00:00','Medium'),(682,'Landslide','Odisha','2022-06-17 00:00:00','Low'),(683,'Flood','Bihar','2024-02-13 00:00:00','High'),(684,'Drought','Gujarat','2021-07-28 00:00:00','Low'),(685,'Flood','Odisha','2022-04-01 00:00:00','Low'),(686,'Cyclone','Bihar','2021-06-22 00:00:00','High'),(687,'Drought','Kerala','2021-06-03 00:00:00','Low'),(688,'Flood','Gujarat','2023-06-28 00:00:00','Low'),(689,'Flood','Tamil Nadu','2023-08-03 00:00:00','Low'),(690,'Cyclone','Bihar','2023-03-20 00:00:00','Medium'),(691,'Flood','Bihar','2021-12-20 00:00:00','Medium'),(692,'Cyclone','Assam','2023-07-03 00:00:00','Low'),(693,'Flood','Gujarat','2023-10-19 00:00:00','Medium'),(694,'Drought','UP','2022-07-27 00:00:00','Medium'),(695,'Cyclone','Bihar','2023-12-13 00:00:00','Low'),(696,'Unknown','Odisha','2023-01-06 00:00:00','Medium'),(697,'Drought','UP','2024-03-04 00:00:00','High'),(698,'Earthquake','Bihar','2021-02-23 00:00:00','Medium'),(700,'Flood','UP','2024-04-11 00:00:00','Low'),(701,'Cyclone','West Bengal','2022-05-09 00:00:00','Medium'),(702,'Drought','Odisha','2022-03-26 00:00:00','High'),(703,'Landslide','Tamil Nadu','2021-12-22 00:00:00','Low'),(704,'Cyclone','Tamil Nadu','2023-01-05 00:00:00','High'),(705,'Flood','Tamil Nadu','2024-02-29 00:00:00','Low'),(706,'Drought','Gujarat','2023-10-06 00:00:00','High'),(707,'Earthquake','Assam','2021-07-04 00:00:00','Low'),(709,'Flood','Tamil Nadu','2022-02-17 00:00:00','Low'),(710,'Earthquake','Assam','2022-10-25 00:00:00','Low'),(711,'Flood','Assam','2021-10-18 00:00:00','Low'),(712,'Drought','Tamil Nadu','2023-02-05 00:00:00','High'),(713,'Unknown','Bihar','2022-11-21 00:00:00','Medium'),(714,'Earthquake','Assam','2023-06-14 00:00:00','High'),(715,'Landslide','Tamil Nadu','2024-02-25 00:00:00','High'),(716,'Drought','Tamil Nadu','2021-12-26 00:00:00','Medium'),(717,'Earthquake','Kerala','2021-01-04 00:00:00','High'),(718,'Drought','Bihar','2024-03-08 00:00:00','Low'),(719,'Cyclone','Tamil Nadu','2022-03-29 00:00:00','High'),(720,'Drought','West Bengal','2021-10-16 00:00:00','Medium'),(721,'Unknown','West Bengal','2022-10-17 00:00:00','Low'),(722,'Unknown','West Bengal','2022-11-19 00:00:00','Medium'),(723,'Flood','Kerala','2021-05-19 00:00:00','Medium'),(724,'Earthquake','West Bengal','2021-04-09 00:00:00','Medium'),(725,'Landslide','Bihar','2023-04-28 00:00:00','Medium'),(726,'Landslide','Tamil Nadu','2021-07-27 00:00:00','Medium'),(727,'Drought','Gujarat','2021-05-31 00:00:00','Low'),(728,'Earthquake','Odisha','2021-08-03 00:00:00','Low'),(729,'Earthquake','Assam','2021-11-26 00:00:00','High'),(730,'Flood','West Bengal','2023-09-16 00:00:00','High'),(731,'Flood','Bihar','2021-12-04 00:00:00','High'),(732,'Landslide','Assam','2022-11-10 00:00:00','Low'),(733,'Cyclone','Bihar','2024-01-12 00:00:00','Medium'),(734,'Unknown','Kerala','2021-07-16 00:00:00','Low'),(735,'Landslide','UP','2023-01-09 00:00:00','Low'),(736,'Landslide','West Bengal','2023-09-11 00:00:00','Low'),(737,'Flood','Odisha','2022-08-21 00:00:00','Low'),(738,'Landslide','West Bengal','2023-03-26 00:00:00','Medium'),(739,'Landslide','Kerala','2024-01-20 00:00:00','Medium'),(740,'Cyclone','Tamil Nadu','2023-01-27 00:00:00','Low'),(741,'Landslide','Odisha','2023-08-11 00:00:00','Medium'),(742,'Cyclone','Kerala','2021-11-06 00:00:00','High'),(743,'Unknown','West Bengal','2022-12-06 00:00:00','High'),(744,'Landslide','Gujarat','2023-03-04 00:00:00','High'),(745,'Landslide','UP','2022-04-28 00:00:00','Medium'),(746,'Earthquake','West Bengal','2021-03-13 00:00:00','High'),(747,'Drought','Assam','2023-07-09 00:00:00','Low'),(748,'Cyclone','Gujarat','2021-09-16 00:00:00','Low'),(749,'Landslide','West Bengal','2023-06-11 00:00:00','Low'),(750,'Unknown','Assam','2022-06-13 00:00:00','Medium'),(751,'Unknown','West Bengal','2024-02-14 00:00:00','Medium'),(752,'Drought','Tamil Nadu','2023-12-01 00:00:00','Medium'),(753,'Flood','Bihar','2021-11-03 00:00:00','Low'),(754,'Drought','West Bengal','2024-02-27 00:00:00','Low'),(755,'Earthquake','Tamil Nadu','2022-06-25 00:00:00','Medium'),(756,'Unknown','UP','2023-08-27 00:00:00','Low'),(757,'Cyclone','Kerala','2023-04-03 00:00:00','Low'),(758,'Landslide','Tamil Nadu','2021-04-11 00:00:00','High'),(759,'Landslide','Kerala','2021-02-11 00:00:00','Medium'),(760,'Earthquake','Kerala','2023-10-04 00:00:00','High'),(761,'Unknown','West Bengal','2022-04-12 00:00:00','Low'),(762,'Earthquake','UP','2022-10-20 00:00:00','Medium'),(763,'Unknown','Bihar','2021-07-02 00:00:00','Low'),(764,'Landslide','Gujarat','2023-04-14 00:00:00','High'),(765,'Landslide','Tamil Nadu','2023-11-22 00:00:00','Low'),(766,'Flood','Kerala','2023-04-07 00:00:00','Low'),(767,'Drought','Odisha','2022-02-16 00:00:00','Low'),(768,'Cyclone','Odisha','2023-01-09 00:00:00','High'),(769,'Cyclone','Kerala','2023-08-09 00:00:00','High'),(770,'Landslide','West Bengal','2022-05-11 00:00:00','Medium'),(771,'Landslide','UP','2023-08-30 00:00:00','High'),(772,'Drought','Tamil Nadu','2022-06-14 00:00:00','High'),(773,'Unknown','West Bengal','2023-03-03 00:00:00','Low'),(774,'Cyclone','Gujarat','2022-04-07 00:00:00','High'),(775,'Cyclone','Kerala','2023-11-18 00:00:00','Low'),(776,'Unknown','Odisha','2021-09-28 00:00:00','High'),(777,'Cyclone','Odisha','2022-09-18 00:00:00','High'),(778,'Unknown','Kerala','2023-02-11 00:00:00','Medium'),(779,'Landslide','Kerala','2022-09-11 00:00:00','High'),(780,'Drought','Bihar','2021-01-16 00:00:00','High'),(781,'Unknown','Tamil Nadu','2022-08-02 00:00:00','Medium'),(782,'Unknown','West Bengal','2022-11-20 00:00:00','Medium'),(783,'Unknown','Tamil Nadu','2022-06-19 00:00:00','High'),(784,'Unknown','Kerala','2023-11-26 00:00:00','Low'),(785,'Flood','Bihar','2021-10-14 00:00:00','High'),(786,'Flood','UP','2022-06-16 00:00:00','Medium'),(787,'Landslide','Bihar','2024-04-09 00:00:00','High'),(788,'Drought','Gujarat','2022-04-01 00:00:00','High'),(789,'Drought','UP','2023-01-05 00:00:00','High'),(790,'Earthquake','Assam','2024-02-18 00:00:00','Low'),(791,'Earthquake','West Bengal','2022-06-14 00:00:00','High'),(792,'Drought','Assam','2022-11-19 00:00:00','High'),(793,'Flood','Gujarat','2022-09-21 00:00:00','Medium'),(794,'Earthquake','Tamil Nadu','2022-08-26 00:00:00','Medium'),(795,'Flood','UP','2024-04-10 00:00:00','High'),(796,'Drought','West Bengal','2022-02-03 00:00:00','High'),(797,'Flood','Bihar','2023-04-27 00:00:00','Low'),(798,'Cyclone','Assam','2022-12-03 00:00:00','Medium'),(799,'Drought','UP','2022-01-05 00:00:00','Low'),(800,'Landslide','Tamil Nadu','2021-12-29 00:00:00','Medium'),(802,'Cyclone','Assam','2021-11-21 00:00:00','Medium'),(803,'Flood','Assam','2023-05-30 00:00:00','Medium'),(804,'Landslide','UP','2021-03-19 00:00:00','High'),(805,'Cyclone','Tamil Nadu','2022-10-22 00:00:00','High'),(806,'Cyclone','Odisha','2022-05-25 00:00:00','Low'),(807,'Unknown','Tamil Nadu','2021-07-30 00:00:00','Medium'),(808,'Drought','Kerala','2021-04-04 00:00:00','Medium'),(809,'Earthquake','UP','2023-12-10 00:00:00','Medium'),(810,'Landslide','Assam','2023-10-01 00:00:00','Medium'),(811,'Cyclone','Assam','2023-04-07 00:00:00','Low'),(812,'Cyclone','Gujarat','2021-09-26 00:00:00','Low'),(813,'Unknown','Odisha','2021-12-13 00:00:00','Low'),(814,'Earthquake','Odisha','2022-06-08 00:00:00','High'),(815,'Drought','Odisha','2021-04-09 00:00:00','High'),(817,'Landslide','UP','2024-01-26 00:00:00','Medium'),(818,'Landslide','Assam','2021-01-20 00:00:00','Medium'),(819,'Landslide','West Bengal','2022-07-07 00:00:00','High'),(820,'Drought','Assam','2021-08-03 00:00:00','High'),(821,'Unknown','West Bengal','2021-08-06 00:00:00','Medium'),(822,'Cyclone','Gujarat','2023-12-08 00:00:00','Low'),(823,'Earthquake','Bihar','2021-03-22 00:00:00','High'),(824,'Landslide','Gujarat','2023-09-12 00:00:00','Medium'),(826,'Flood','UP','2021-07-04 00:00:00','High'),(827,'Flood','West Bengal','2022-04-19 00:00:00','Medium'),(828,'Earthquake','Kerala','2021-07-24 00:00:00','Low'),(829,'Flood','Kerala','2022-10-03 00:00:00','Medium'),(830,'Unknown','West Bengal','2021-04-04 00:00:00','Low'),(831,'Cyclone','Assam','2023-06-16 00:00:00','High'),(832,'Earthquake','West Bengal','2022-12-03 00:00:00','Low'),(833,'Flood','Bihar','2023-07-24 00:00:00','Medium'),(834,'Landslide','UP','2021-12-08 00:00:00','Low'),(835,'Cyclone','Odisha','2021-11-23 00:00:00','Low'),(836,'Landslide','UP','2023-06-17 00:00:00','Low'),(837,'Drought','Bihar','2021-03-01 00:00:00','High'),(838,'Unknown','Assam','2023-09-27 00:00:00','Low'),(841,'Drought','Gujarat','2022-11-24 00:00:00','High'),(842,'Drought','West Bengal','2022-05-25 00:00:00','Medium'),(843,'Earthquake','Bihar','2024-02-18 00:00:00','High'),(844,'Flood','Odisha','2021-11-18 00:00:00','High'),(845,'Landslide','UP','2021-06-03 00:00:00','Medium'),(846,'Earthquake','Gujarat','2022-07-24 00:00:00','Low'),(847,'Drought','Gujarat','2023-02-15 00:00:00','Medium'),(848,'Cyclone','West Bengal','2024-03-19 00:00:00','Medium'),(849,'Flood','UP','2021-09-01 00:00:00','Medium'),(850,'Unknown','Odisha','2023-04-25 00:00:00','Low'),(851,'Drought','Odisha','2022-09-16 00:00:00','High'),(852,'Drought','Gujarat','2023-07-24 00:00:00','Medium'),(853,'Earthquake','Odisha','2023-07-20 00:00:00','Medium'),(854,'Drought','UP','2023-01-15 00:00:00','High'),(855,'Landslide','West Bengal','2022-03-31 00:00:00','Low'),(856,'Earthquake','Tamil Nadu','2022-08-21 00:00:00','High'),(857,'Drought','Tamil Nadu','2021-04-04 00:00:00','Low'),(858,'Landslide','Assam','2023-04-19 00:00:00','Low'),(859,'Earthquake','Gujarat','2023-03-16 00:00:00','Low'),(860,'Landslide','Gujarat','2021-08-09 00:00:00','Medium'),(861,'Flood','West Bengal','2023-07-12 00:00:00','Medium'),(862,'Unknown','Assam','2021-01-09 00:00:00','High'),(863,'Unknown','Odisha','2023-06-06 00:00:00','High'),(864,'Landslide','Assam','2021-12-22 00:00:00','High'),(865,'Cyclone','West Bengal','2022-10-22 00:00:00','High'),(866,'Landslide','Bihar','2022-05-24 00:00:00','Medium'),(867,'Landslide','Tamil Nadu','2023-07-17 00:00:00','Low'),(868,'Cyclone','Bihar','2023-11-16 00:00:00','Medium'),(869,'Unknown','Tamil Nadu','2024-02-08 00:00:00','High'),(870,'Cyclone','Gujarat','2022-08-19 00:00:00','High'),(871,'Earthquake','Assam','2021-12-31 00:00:00','High'),(872,'Drought','Tamil Nadu','2022-12-23 00:00:00','High'),(873,'Landslide','Bihar','2023-12-30 00:00:00','Medium'),(874,'Landslide','Odisha','2021-02-21 00:00:00','Medium'),(875,'Cyclone','Odisha','2022-02-14 00:00:00','Medium'),(876,'Cyclone','Kerala','2021-10-27 00:00:00','Low'),(877,'Unknown','Kerala','2024-01-14 00:00:00','Low'),(878,'Earthquake','UP','2024-02-25 00:00:00','Low'),(879,'Unknown','Bihar','2022-08-13 00:00:00','High'),(880,'Unknown','Odisha','2023-03-05 00:00:00','Medium'),(881,'Unknown','Tamil Nadu','2021-04-21 00:00:00','Low'),(882,'Unknown','Kerala','2023-06-27 00:00:00','Low'),(883,'Unknown','Tamil Nadu','2024-01-25 00:00:00','High'),(884,'Drought','Gujarat','2022-02-01 00:00:00','Medium'),(885,'Landslide','Assam','2021-06-02 00:00:00','Low'),(886,'Cyclone','West Bengal','2023-05-28 00:00:00','Medium'),(887,'Drought','Kerala','2024-04-11 00:00:00','Medium'),(888,'Flood','Tamil Nadu','2021-11-14 00:00:00','Low'),(889,'Cyclone','Tamil Nadu','2022-09-09 00:00:00','Medium'),(890,'Drought','Tamil Nadu','2022-10-13 00:00:00','High'),(891,'Cyclone','Assam','2023-11-01 00:00:00','Low'),(892,'Landslide','Bihar','2022-03-30 00:00:00','Low'),(893,'Unknown','Tamil Nadu','2022-08-25 00:00:00','Low'),(894,'Drought','UP','2021-01-19 00:00:00','Low'),(895,'Unknown','Tamil Nadu','2022-05-15 00:00:00','Low'),(896,'Unknown','Tamil Nadu','2021-08-21 00:00:00','Medium'),(898,'Earthquake','UP','2022-08-31 00:00:00','High'),(899,'Cyclone','Tamil Nadu','2021-07-16 00:00:00','Low'),(900,'Drought','Odisha','2022-03-08 00:00:00','High'),(901,'Unknown','Gujarat','2023-05-19 00:00:00','Low'),(902,'Cyclone','Bihar','2021-05-28 00:00:00','High'),(904,'Earthquake','Odisha','2021-04-22 00:00:00','Low'),(905,'Earthquake','West Bengal','2022-04-12 00:00:00','Medium'),(906,'Landslide','Bihar','2023-04-09 00:00:00','Medium'),(907,'Earthquake','Odisha','2021-08-31 00:00:00','High'),(908,'Flood','West Bengal','2024-04-14 00:00:00','Low'),(909,'Unknown','West Bengal','2023-10-27 00:00:00','Low'),(910,'Earthquake','Kerala','2022-07-31 00:00:00','Medium'),(911,'Landslide','Bihar','2021-03-05 00:00:00','Medium'),(912,'Cyclone','Gujarat','2023-03-12 00:00:00','High'),(913,'Earthquake','Assam','2023-02-04 00:00:00','Low'),(914,'Drought','Assam','2021-01-11 00:00:00','High'),(915,'Drought','Bihar','2021-06-24 00:00:00','Medium'),(916,'Cyclone','Tamil Nadu','2023-11-16 00:00:00','Low'),(917,'Cyclone','Assam','2022-06-02 00:00:00','Low'),(918,'Flood','Assam','2024-03-07 00:00:00','Low'),(919,'Drought','UP','2021-05-30 00:00:00','Medium'),(920,'Unknown','West Bengal','2022-02-09 00:00:00','High'),(921,'Drought','UP','2023-01-02 00:00:00','Low'),(922,'Unknown','Gujarat','2021-05-23 00:00:00','Low'),(923,'Earthquake','UP','2022-09-19 00:00:00','High'),(924,'Drought','Assam','2023-01-17 00:00:00','Medium'),(926,'Cyclone','Bihar','2023-01-07 00:00:00','Low'),(927,'Unknown','Tamil Nadu','2023-08-06 00:00:00','Medium'),(928,'Earthquake','Kerala','2021-08-11 00:00:00','Low'),(929,'Unknown','West Bengal','2021-10-14 00:00:00','High'),(930,'Cyclone','Kerala','2021-06-06 00:00:00','High'),(931,'Flood','Odisha','2021-03-05 00:00:00','High'),(932,'Drought','Bihar','2022-03-12 00:00:00','Low'),(933,'Drought','Kerala','2024-01-11 00:00:00','Medium'),(934,'Unknown','Assam','2022-04-03 00:00:00','High'),(935,'Unknown','Kerala','2023-10-24 00:00:00','High'),(936,'Flood','Bihar','2021-01-22 00:00:00','High'),(937,'Cyclone','Assam','2021-10-15 00:00:00','Medium'),(938,'Cyclone','Assam','2024-03-04 00:00:00','High'),(939,'Cyclone','UP','2021-03-24 00:00:00','Low'),(940,'Landslide','Gujarat','2023-01-27 00:00:00','Low'),(941,'Flood','Gujarat','2023-01-10 00:00:00','Medium'),(942,'Landslide','UP','2021-03-23 00:00:00','High'),(943,'Earthquake','West Bengal','2023-12-04 00:00:00','High'),(944,'Earthquake','Kerala','2024-03-13 00:00:00','Low'),(945,'Landslide','Bihar','2021-06-09 00:00:00','High'),(946,'Earthquake','Bihar','2022-04-02 00:00:00','High'),(947,'Landslide','Tamil Nadu','2022-12-08 00:00:00','Medium'),(948,'Landslide','Odisha','2021-10-12 00:00:00','Medium'),(949,'Cyclone','Gujarat','2022-07-30 00:00:00','Low'),(950,'Cyclone','Assam','2021-08-31 00:00:00','High'),(951,'Cyclone','Bihar','2021-08-21 00:00:00','Medium'),(952,'Unknown','UP','2021-11-27 00:00:00','High'),(953,'Landslide','Odisha','2021-09-19 00:00:00','High'),(954,'Drought','Assam','2023-11-16 00:00:00','Low'),(955,'Drought','Assam','2022-06-13 00:00:00','Low'),(956,'Drought','Bihar','2024-02-29 00:00:00','High'),(957,'Flood','Kerala','2022-03-20 00:00:00','Medium'),(958,'Drought','UP','2021-12-16 00:00:00','Low'),(959,'Landslide','Assam','2022-01-08 00:00:00','High'),(960,'Unknown','Kerala','2022-12-03 00:00:00','Medium'),(961,'Drought','West Bengal','2023-03-01 00:00:00','Low'),(962,'Flood','Odisha','2023-10-30 00:00:00','High'),(963,'Landslide','Assam','2021-12-30 00:00:00','Medium'),(964,'Drought','Odisha','2023-12-25 00:00:00','High'),(965,'Flood','West Bengal','2021-09-24 00:00:00','High'),(966,'Drought','Odisha','2023-06-03 00:00:00','High'),(967,'Landslide','Tamil Nadu','2023-12-22 00:00:00','Medium'),(968,'Cyclone','UP','2023-02-20 00:00:00','Medium'),(969,'Drought','West Bengal','2022-06-06 00:00:00','Medium'),(970,'Cyclone','West Bengal','2024-01-19 00:00:00','Medium'),(972,'Flood','West Bengal','2023-02-08 00:00:00','High'),(973,'Cyclone','Tamil Nadu','2021-08-07 00:00:00','Low'),(974,'Landslide','Kerala','2024-01-03 00:00:00','Medium'),(975,'Drought','Tamil Nadu','2023-03-25 00:00:00','Low'),(976,'Landslide','UP','2024-02-20 00:00:00','High'),(977,'Landslide','Kerala','2024-03-29 00:00:00','Medium'),(978,'Unknown','Bihar','2021-09-01 00:00:00','High'),(979,'Cyclone','UP','2021-11-28 00:00:00','Low'),(980,'Cyclone','Bihar','2024-02-02 00:00:00','High'),(981,'Unknown','Odisha','2021-01-11 00:00:00','Low'),(982,'Cyclone','UP','2023-06-11 00:00:00','Low'),(983,'Flood','Kerala','2021-06-13 00:00:00','High'),(984,'Flood','Bihar','2023-04-01 00:00:00','High'),(985,'Unknown','Kerala','2021-04-28 00:00:00','Low'),(986,'Unknown','UP','2022-02-18 00:00:00','High'),(987,'Drought','Kerala','2023-11-12 00:00:00','High'),(988,'Unknown','Gujarat','2021-03-15 00:00:00','Medium'),(989,'Cyclone','Odisha','2021-06-27 00:00:00','Medium'),(990,'Landslide','Tamil Nadu','2023-04-11 00:00:00','High'),(991,'Cyclone','Odisha','2021-05-21 00:00:00','Low'),(992,'Drought','Kerala','2024-02-20 00:00:00','High'),(993,'Earthquake','Tamil Nadu','2022-07-21 00:00:00','Low'),(994,'Drought','Gujarat','2023-04-08 00:00:00','High'),(995,'Flood','Kerala','2023-11-03 00:00:00','Low'),(996,'Drought','West Bengal','2022-11-28 00:00:00','Low'),(997,'Drought','Kerala','2024-03-23 00:00:00','Medium'),(998,'Unknown','UP','2024-02-28 00:00:00','Medium'),(999,'Cyclone','Tamil Nadu','2023-07-29 00:00:00','High'),(1000,'Landslide','Odisha','2022-06-13 00:00:00','Low');
/*!40000 ALTER TABLE `disaster_events` ENABLE KEYS */;
UNLOCK TABLES;

--
-- Table structure for table `impact_assessment`
--

DROP TABLE IF EXISTS `impact_assessment`;
/*!40101 SET @saved_cs_client     = @@character_set_client */;
/*!50503 SET character_set_client = utf8mb4 */;
CREATE TABLE `impact_assessment` (
  `impact_id` bigint DEFAULT NULL,
  `event_id` bigint DEFAULT NULL,
  `affected_people` double DEFAULT NULL,
  `economic_loss_musd` double DEFAULT NULL
) ENGINE=InnoDB DEFAULT CHARSET=utf8mb4 COLLATE=utf8mb4_0900_ai_ci;
/*!40101 SET character_set_client = @saved_cs_client */;

--
-- Dumping data for table `impact_assessment`
--

LOCK TABLES `impact_assessment` WRITE;
/*!40000 ALTER TABLE `impact_assessment` DISABLE KEYS */;
INSERT INTO `impact_assessment` VALUES (1,999,250020,989.93),(2,225,2198805,1699.75),(3,183,1645062,0),(4,933,849845,4157.4),(5,389,0,0),(6,468,0,4047.63),(7,964,0,4392.06),(8,122,1212585,3974.7),(9,546,0,0),(10,652,2052431,3815.65),(11,875,0,0),(12,254,0,0),(13,215,0,3955.2),(14,172,0,0),(15,511,0,0),(16,539,0,0),(17,654,4899801,1036.79),(18,463,0,0),(19,911,3164201,0),(20,261,4619364,672.52),(21,303,0,1151.66),(22,477,0,0),(23,443,0,0),(24,280,3208559,898.65),(25,272,0,0),(26,863,4210109,3929.58),(27,101,995787,1801.82),(28,342,0,0),(29,196,0,0),(30,289,0,4729.13),(31,484,4301394,4327.47),(32,233,0,0),(33,740,0,0),(34,867,0,0),(35,215,0,4264.87),(36,384,1166598,1528.55),(37,512,0,0),(38,703,0,1631.07),(39,582,271188,0),(40,582,0,4900.88),(41,972,3277893,2672.92),(42,487,0,0),(43,655,2556551,857.95),(44,33,4099785,934.27),(45,934,0,0),(46,676,4399949,0),(47,531,93669,0),(48,401,1318308,0),(49,490,0,4775.53),(50,134,0,0),(51,163,0,0),(52,283,1693005,0),(53,66,3350041,0),(54,472,3882370,0),(55,662,0,0),(56,401,0,0),(57,469,3227803,3492.91),(58,403,367284,4427.82),(59,281,0,3333.62),(60,715,0,2056.98),(61,378,643010,0),(62,420,3783725,1264.58),(63,474,225125,0),(64,391,0,0),(65,39,0,574.3),(66,335,0,2307.32),(67,562,0,0),(68,862,1354640,4192.64),(69,182,2468464,0),(70,173,651832,3387.24),(71,452,3004851,1084.15),(72,915,4466246,2210.85),(73,857,4387188,0),(74,455,440691,0),(75,786,1693301,1873.85),(76,205,767604,2108.99),(77,346,1612886,1103.62),(78,817,1409303,221.02),(79,836,0,2810.71),(80,640,0,4694.68),(81,238,1794316,1783.53),(82,16,0,60.89),(83,470,1847300,0),(84,666,3096228,337.59),(85,421,0,4915.53),(86,730,4498816,1260.45),(87,615,0,3389.82),(88,341,0,0),(89,70,2812066,0),(90,392,4287797,2517.6),(91,239,178950,0),(92,776,2044009,0),(93,511,2489184,759.2),(94,658,318984,0),(95,757,2758250,1391.35),(96,534,0,3753),(97,868,0,1212),(98,929,2084210,0),(99,534,2699086,2212.36),(100,67,4125194,4768.35),(101,650,1188256,628.68),(102,607,4605063,1182.31),(103,437,0,821.63),(104,251,3557910,0),(105,293,0,4838.66),(106,279,4037352,0),(107,408,3169523,0),(108,518,3636878,0),(109,21,0,0),(110,610,4507340,2764.71),(111,264,0,0),(112,385,0,360.63),(113,733,3937425,774.47),(114,5,0,0),(115,963,0,0),(116,657,4936093,2044.53),(117,944,0,4660.72),(118,199,0,0),(119,522,0,0),(120,949,3558108,1212.52),(121,944,3032762,3487.66),(122,268,3821765,1272.19),(123,13,980207,0),(124,408,4918070,2593.17),(125,898,3548918,0),(126,709,0,0),(127,771,746524,0),(128,834,0,0),(129,716,2585533,0),(130,2,813610,0),(131,538,0,3665.48),(132,181,3143803,3520.53),(133,499,1527595,2253.85),(134,191,1686614,3749.83),(135,266,0,3134.56),(136,890,1394567,0),(137,128,2322649,1711.42),(138,490,4071105,0),(139,770,61621,485.11),(140,385,0,0),(141,776,0,0),(142,323,0,0),(143,626,0,4365.51),(144,4,0,3626.38),(145,27,0,4755.36),(146,378,0,2575.06),(147,4,2703671,3169.25),(148,993,0,0),(149,410,0,0),(150,675,0,1470.02),(151,730,1201925,640.18),(152,309,0,0),(153,978,0,3313.55),(154,250,1776371,3766.51),(155,109,3649150,0),(156,925,0,0),(157,682,3996513,0),(158,93,2792738,4658.97),(159,660,0,0),(160,670,0,4042.43),(161,266,0,439.31),(162,349,4968737,3723.34),(163,587,3085801,0),(164,591,0,310.36),(165,868,0,0),(166,817,1060542,533.82),(167,552,0,0),(168,858,0,3400.22),(169,616,2378271,3735.55),(170,614,0,2512.39),(171,281,0,3155.75),(172,507,0,0),(173,157,1767750,3502.34),(174,946,0,0),(175,835,1336409,0),(176,433,0,0),(177,74,0,1412.54),(178,718,0,0),(179,771,4869611,0),(180,469,1374168,0),(181,299,1215862,1091.46),(182,753,0,3630.06),(183,695,0,0),(184,696,1412156,0),(185,184,441168,0),(186,608,3640157,0),(187,251,286152,0),(188,310,0,3879.47),(189,797,0,0),(190,377,98328,584.02),(191,501,4277080,0),(192,281,794170,0),(193,306,4794444,498.11),(194,731,4509969,2027.25),(195,404,0,320.59),(196,772,1741332,904.14),(197,6,0,4002.76),(198,41,1081586,3263.55),(199,576,2154863,423.97),(200,519,0,4831.41),(201,434,1717,0),(202,675,0,0),(203,712,0,3031.25),(204,705,831548,1186.26),(205,146,2515143,4787.16),(206,606,0,0),(207,77,0,1304.11),(208,410,3826773,0),(209,963,1202617,0),(210,649,0,2818.65),(211,430,0,0),(212,389,218347,388.55),(213,545,0,330.73),(214,372,0,732.5),(215,281,83739,1886.4),(216,388,881826,0),(217,603,4108218,0),(218,565,2274765,4482.95),(219,326,3268894,0),(220,489,4969657,1296.05),(221,674,1061054,0),(222,55,3106049,0),(223,724,3841192,0),(224,818,0,0),(225,534,0,3178.54),(226,971,0,3853.12),(227,650,667683,3650.04),(228,170,4827106,0),(229,568,4135329,0),(230,694,4268136,2398.8),(231,416,117603,4554.52),(232,732,0,1221.89),(233,622,3764566,3372.94),(234,180,0,0),(235,976,0,2478.04),(236,383,0,4570.31),(237,852,4523463,0),(238,301,2221890,0),(239,223,2558013,0),(240,59,2985197,0),(241,306,2969667,26.77),(242,412,2975032,0),(243,203,711882,0),(244,8,0,0),(245,384,0,2142.28),(246,550,2261576,0),(247,166,0,3735.71),(248,368,1665841,948.65),(249,137,0,3719.88),(250,165,0,0),(251,122,0,2751.07),(252,333,0,657.96),(253,812,178437,778.55),(254,786,1984947,0),(255,440,0,0),(256,498,0,1239.49),(257,747,4289590,1248.08),(258,885,2211655,0),(259,204,3976301,3506.02),(260,194,4960313,1147.69),(261,411,0,4952),(262,437,149154,455.59),(263,390,0,3501.09),(264,228,0,0),(265,660,0,0),(266,288,0,1235.6),(267,187,344002,0),(268,218,0,1401.52),(269,442,0,0),(270,343,2554129,485.34),(271,700,4629567,0),(272,761,0,0),(273,216,0,437.07),(274,134,1010605,2933.22),(275,198,3740388,0),(276,309,3978865,2668.25),(277,45,1073332,0),(278,913,0,0),(279,645,0,0),(280,537,4227763,0),(281,714,0,228.18),(282,814,0,2475.63),(283,170,0,0),(284,411,2278458,921.15),(285,586,1828103,0),(286,516,0,1517.75),(287,304,2253464,856.37),(288,547,0,196.41),(289,965,2330990,1352.9),(290,658,2089831,2673.44),(291,665,0,0),(292,740,0,0),(293,333,481360,4119.83),(294,749,2347208,1280.68),(295,551,4893749,0),(296,969,2159767,4084.42),(297,333,2255803,0),(298,160,3742788,0),(299,378,0,469.36),(300,471,1553127,0),(301,966,0,106.22),(302,907,0,3437.15),(303,72,1204952,0),(304,931,3377450,3621.81),(305,745,99889,1890),(306,113,114682,661.76),(307,275,1197514,3962.21),(308,981,0,4263.75),(309,208,0,0),(310,836,0,1659.45),(311,250,0,3137.8),(312,22,374509,2723.67),(313,524,3484660,7.05),(314,25,0,0),(315,672,2407240,0),(316,704,0,848.63),(317,230,0,0),(318,122,3025038,4478.04),(319,183,0,0),(320,154,0,1742.58),(321,278,0,4664.48),(322,808,19276,3889.14),(323,328,0,0),(324,835,565667,0),(325,149,0,4973.86),(326,786,0,0),(327,493,0,691.97),(328,393,0,0),(329,546,4499076,0),(330,540,4848578,3515.76),(331,371,25042,4969.53),(332,372,0,4788.12),(333,62,0,4243.91),(334,302,3863017,0),(335,249,1768793,280.27),(336,121,0,0),(337,381,454683,3314.07),(338,489,4983209,0),(339,145,663643,0),(340,154,0,0),(341,482,0,2220.42),(342,294,934372,300.94),(343,619,1457096,0),(344,697,0,0),(345,727,0,0),(346,997,0,4889.65),(347,761,0,3095.6),(348,402,1541935,0),(349,489,0,4136.44),(350,56,0,974.46),(351,107,0,0),(352,29,0,814.64),(353,67,1778629,0),(354,193,4628922,3192.31),(355,247,2258944,4883.34),(356,578,4059467,241.2),(357,967,2589765,0),(358,982,3340810,0),(359,744,2985979,3513.58),(360,340,3417567,2511.38),(361,25,0,2385.29),(362,298,1353436,3412.19),(363,907,783580,4422.13),(364,788,0,2237.95),(365,348,0,0),(366,41,3252711,1044.89),(367,982,0,487.93),(368,147,2597629,0),(369,322,0,0),(370,591,0,447.06),(371,728,0,0),(372,782,3709145,0),(373,41,0,2005.3),(374,452,0,0),(375,519,0,4387.17),(376,636,479642,3499.03),(377,159,0,0),(378,875,613189,0),(379,686,0,0),(380,112,720931,0),(381,787,3634226,2008.2),(382,325,0,0),(383,118,0,192.37),(384,972,3943373,0),(385,582,0,0),(386,809,0,1067.89),(387,889,0,1349.97),(388,86,1189983,1370.25),(389,306,0,0),(390,189,451822,0),(391,351,2491619,0),(392,494,3989778,0),(393,364,0,4115.26),(394,80,4853720,0),(395,15,0,0),(396,886,2655221,0),(397,270,4368878,4941.2),(398,650,3770241,183.39),(399,431,4581903,3005.12),(400,357,1760620,4858.75),(401,380,3052729,0),(402,515,0,0),(403,424,0,0),(404,536,2818117,0),(405,439,3130969,2764.22),(406,556,0,0),(407,650,2377059,4976.82),(408,92,0,519.27),(409,649,3726408,0),(410,217,0,2758.39),(411,201,3940074,0),(412,423,3321282,4698.14),(413,520,0,0),(414,315,3479894,0),(415,34,131275,0),(416,861,0,0),(417,248,0,0),(418,849,0,0),(419,746,0,4520.95),(420,448,1938512,3550.41),(421,517,0,0),(422,858,4639107,4743.55),(423,96,783366,2187.67),(424,29,4561655,2859.4),(425,761,0,0),(426,192,2011932,1485.32),(427,744,0,0),(428,85,1207026,3192.29),(429,114,3852442,0),(430,269,1516214,0),(431,935,0,504.26),(432,424,0,4796.13),(433,216,0,0),(434,828,1352435,1494.48),(435,676,4759805,0),(436,356,4060339,0),(437,949,1021001,3030.95),(438,531,4293825,0),(439,118,1820973,1638.37),(440,86,0,1369.06),(441,977,0,0),(442,479,0,0),(443,945,0,0),(444,985,3296262,0),(445,170,0,0),(446,434,0,0),(447,440,0,1870.43),(448,461,1403986,0),(449,601,0,0),(450,408,252154,0),(451,440,0,1227.35),(452,673,0,0),(453,126,0,0),(454,219,0,4493.82),(455,395,2380128,2636.78),(456,575,2333439,0),(457,699,0,4067.16),(458,202,0,0),(459,432,1001417,0),(460,606,3212641,0),(461,19,4830814,0),(462,135,3380021,4479.25),(463,346,137501,0),(464,741,0,0),(465,410,0,2469.6),(466,403,0,2467.19),(467,864,3137551,147.41),(468,846,88208,0),(469,883,3655769,851.79),(470,742,3095385,4670.62),(471,266,362349,0),(472,77,0,0),(473,277,1429903,2917.68),(474,130,2679756,0),(475,653,3748860,2609.3),(476,592,0,0),(477,792,4050234,0),(478,729,0,2793.02),(479,676,1728140,0),(480,62,1783373,0),(481,839,3231119,0),(482,214,0,0),(483,726,3809612,4239.19),(484,937,1092026,0),(485,999,3796273,3900.33),(486,71,0,0),(487,975,4843259,737.3),(488,763,925417,0),(489,192,2238717,0),(490,361,2228835,4634.71),(491,363,3620463,0),(492,521,2800609,0),(493,101,0,0),(494,199,2467300,0),(495,543,0,546.81),(496,662,2089295,1098.68),(497,917,0,1194.6),(498,283,0,1960.15),(499,226,0,1029.32),(500,356,0,3669.68),(501,190,0,3695.71),(502,175,2644355,0),(503,922,3819631,0),(504,439,2803249,0),(505,903,646730,3396.34),(506,609,0,0),(507,895,0,547.82),(508,581,2439220,2626.82),(509,774,1230626,0),(510,464,0,0),(511,680,0,1822.08),(512,848,0,0),(513,116,2265399,0),(514,877,1848637,1786.61),(515,251,0,1797.74),(516,199,3170033,0),(517,982,4421015,0),(518,910,0,0),(519,317,1599639,0),(520,855,0,0),(521,296,925345,2495.14),(522,478,0,3119.35),(523,311,0,0),(524,16,3808238,1087.41),(525,55,0,0),(526,677,6383,0),(527,900,2377203,0),(528,147,0,2926.54),(529,298,1836912,0),(530,255,0,1996.17),(531,915,0,2985.6),(532,578,0,4022.1),(533,700,0,679.32),(534,309,2559492,0),(535,559,0,0),(536,99,0,0),(537,480,0,0),(538,473,233137,0),(539,91,0,0),(540,131,0,0),(541,129,3381123,0),(542,860,456889,274.41),(543,342,4986682,0),(544,708,2780209,608.09),(545,719,1721205,0),(546,140,1876219,0),(547,737,0,3118.7),(548,118,564228,765.96),(549,533,813551,0),(550,26,0,1954.18),(551,308,0,4913.5),(552,862,0,0),(553,880,0,732.09),(554,190,1189549,854.71),(555,488,0,1447.96),(556,983,0,0),(557,401,3237499,0),(558,152,0,0),(559,12,0,0),(560,44,2976664,0),(561,284,77504,1789.38),(562,358,0,2565.71),(563,672,0,0),(564,471,0,0),(565,946,3305513,0),(566,386,3958345,0),(567,133,0,0),(568,70,377892,4260.3),(569,238,810839,0),(570,332,1943252,528.05),(571,746,0,4611.96),(572,627,2102210,188.05),(573,453,3141041,0),(574,111,0,666.95),(575,201,0,0),(576,231,1688727,2170.88),(577,89,4884075,3145.95),(578,209,279830,0),(579,793,3423781,0),(580,195,0,0),(581,634,4687692,0),(582,438,3156108,2846.19),(583,802,0,0),(584,237,0,0),(585,945,0,3516.66),(586,894,0,374.81),(587,874,0,1996.7),(588,560,0,0),(589,669,252473,0),(590,206,2807335,0),(591,947,523849,2468.28),(592,355,0,2991.14),(593,909,0,0),(594,741,351148,178.96),(595,666,0,2388.49),(596,22,465364,3868.29),(597,548,3183540,2762.93),(598,397,3165416,0),(599,563,1156702,0),(600,361,0,2183.19),(601,244,1947437,2943.5),(602,423,4499119,4954.7),(603,895,2097501,383.98),(604,450,0,0),(605,617,0,0),(606,491,1027567,382.81),(607,507,2995383,0),(608,965,0,4344.99),(609,540,0,3489.16),(610,56,0,0),(611,287,659053,4560.33),(612,313,4639612,614.62),(613,37,0,0),(614,976,959303,2495.04),(615,277,0,1502.76),(616,62,0,0),(617,394,3725707,0),(618,189,3617202,3302.35),(619,555,2918595,0),(620,945,2203284,0),(621,744,0,3913.28),(622,827,0,0),(623,880,0,0),(624,167,0,3728.42),(625,136,0,0),(626,88,0,0),(627,40,0,0),(628,802,104508,0),(629,857,2219933,2219.6),(630,451,0,0),(631,492,4670169,2043.65),(632,284,0,0),(633,185,0,0),(634,131,1908728,735.36),(635,239,961047,0),(636,594,2662994,2767.49),(637,63,0,0),(638,554,376248,1749.3),(639,520,3723970,2555.67),(640,209,0,0),(641,74,0,0),(642,622,0,0),(643,482,2467779,802.4),(644,298,1259821,532.05),(645,828,0,0),(646,851,4888926,3285.64),(647,391,659044,4793.17),(648,579,0,2695.3),(649,868,4428141,0),(650,325,2259068,0),(651,933,0,0),(652,237,0,3741.19),(653,710,0,0),(654,371,0,2802.73),(655,937,0,0),(656,806,3514570,2847.14),(657,948,4510849,0),(658,691,4906283,0),(659,350,2633717,0),(660,518,0,3163.52),(661,922,0,78.55),(662,429,0,3714.53),(663,891,0,120.63),(664,75,0,0),(665,131,3375883,3560.21),(666,345,2824945,4970.68),(667,76,0,0),(668,759,0,3788.54),(669,752,1539896,762.13),(670,608,0,0),(671,389,0,0),(672,968,813844,0),(673,50,0,0),(674,327,1497660,210.63),(675,441,0,0),(676,102,0,0),(677,281,0,1118.94),(678,296,2177248,0),(679,145,806105,2761.27),(680,29,334405,34.32),(681,379,0,0),(682,750,3732459,0),(683,941,920516,0),(684,506,2207678,0),(685,750,0,4018.4),(686,745,0,0),(687,283,3804932,0),(688,914,0,0),(689,195,4683271,4745.96),(690,252,0,4360.7),(691,690,0,0),(692,834,0,1413.72),(693,651,745167,16.99),(694,503,4679638,3550.24),(695,429,0,3155.5),(696,654,0,2652.78),(697,899,2518426,0),(698,502,0,0),(699,99,1837522,0),(700,430,0,0),(701,119,0,4781.62),(702,356,3340415,0),(703,861,0,3436.42),(704,298,2248508,0),(705,63,0,0),(706,422,0,0),(707,935,0,2428.04),(708,348,0,2238.73),(709,587,1397998,3897.98),(710,971,2766591,3025.2),(711,974,0,0),(712,935,2959667,3275),(713,371,4492870,0),(714,881,0,0),(715,340,3468810,2765.2),(716,963,115428,4227.56),(717,514,0,0),(718,309,204376,3158.15),(719,35,2286545,0),(720,672,3362742,0),(721,883,713332,0),(722,21,124663,0),(723,199,0,2126.34),(724,310,0,0),(725,993,0,0),(726,96,0,0),(727,292,4473838,0),(728,746,0,3813.74),(729,464,1880558,1987.35),(730,458,0,0),(731,341,1207040,477.85),(732,213,4109836,0),(733,632,3973128,0),(734,259,0,3702.82),(735,38,0,0),(736,707,0,0),(737,983,0,0),(738,527,4655060,0),(739,717,0,637.29),(740,166,4362564,0),(741,891,954487,0),(742,175,0,0),(743,409,0,0),(744,738,0,0),(745,578,1393053,1451.69),(746,823,0,2361.08),(747,959,2770726,0),(748,11,0,0),(749,69,0,3507.62),(750,711,0,1655.84),(751,640,3932691,334.79),(752,354,119526,0),(753,599,0,0),(754,957,2137992,388.3),(755,106,0,892.45),(756,130,0,0),(757,990,3972224,841.33),(758,222,767200,0),(759,896,0,389.86),(760,141,0,0),(761,335,2539043,0),(762,387,0,0),(763,544,656986,0),(764,729,0,0),(765,712,2102673,0),(766,668,2921749,0),(767,876,0,3642.73),(768,632,4696892,1912.9),(769,956,90526,2210.96),(770,6,0,0),(771,938,2129695,3034.27),(772,663,0,0),(773,281,481054,0),(774,623,0,869.68),(775,40,3100874,3064.99),(776,723,1485009,415.04),(777,58,3720324,0),(778,874,1629919,0),(779,920,0,0),(780,427,516760,965.51),(781,747,2237704,863.75),(782,283,0,865.67),(783,319,0,0),(784,582,0,441.72),(785,187,725923,1588.19),(786,786,1421491,0),(787,472,682783,1539.6),(788,766,0,0),(789,183,2341114,0),(790,232,0,4417.96),(791,303,0,0),(792,364,0,0),(793,850,1431044,0),(794,160,4513641,0),(795,356,2422698,0),(796,93,4306641,0),(797,268,264805,2585.63),(798,487,0,0),(799,578,3171140,1612.54),(800,645,3011538,0),(801,343,2825208,0),(802,314,0,2734.34),(803,450,0,0),(804,855,0,0),(805,495,0,201.6),(806,782,4253695,0),(807,977,0,2965.79),(808,525,0,4433.09),(809,975,4765630,0),(810,808,452307,1547.06),(811,821,0,0),(812,1,1238244,0),(813,315,675236,1181.68),(814,448,757374,0),(815,6,4005252,0),(816,564,3306508,0),(817,852,3888985,3815.52),(818,397,0,3815.46),(819,410,0,0),(820,612,3304856,1734.99),(821,228,1495514,0),(822,514,0,4573.02),(823,142,4194881,0),(824,446,0,1920.95),(825,436,0,0),(826,36,0,0),(827,699,4340834,2325.15),(828,355,0,4017.95),(829,165,2677182,0),(830,703,3815233,0),(831,433,0,2125.48),(832,619,0,0),(833,865,0,559.25),(834,435,0,4351.7),(835,154,0,0),(836,203,0,0),(837,289,335239,0),(838,376,0,0),(839,692,2485239,2714.2),(840,301,0,0),(841,305,299760,1786.87),(842,545,3324688,876.99),(843,130,0,0),(844,354,3843241,0),(845,42,0,1864.6),(846,624,0,2563.65),(847,346,0,2004.3),(848,974,2155681,0),(849,989,977647,0),(850,631,4313076,3471.59),(851,384,0,0),(852,282,0,2508.31),(853,620,3345291,0),(854,6,3416696,0),(855,673,0,0),(856,100,1857597,0),(857,227,0,0),(858,603,0,0),(859,953,4678967,0),(860,355,3728755,0),(861,216,4465755,0),(862,413,271671,0),(863,86,0,0),(864,463,3921668,780.35),(865,640,0,2077.55),(866,770,0,0),(867,944,4510654,1892.77),(868,100,3320789,1057.31),(869,585,2428235,0),(870,564,0,0),(871,923,0,3852.73),(872,681,0,0),(873,507,0,0),(874,161,0,0),(875,782,3893494,3417.08),(876,393,0,0),(877,194,244613,693.72),(878,614,0,0),(879,625,2097655,0),(880,701,0,0),(881,566,4290392,4251.69),(882,469,3096935,876.88),(883,331,0,325),(884,212,0,0),(885,248,0,2501.57),(886,823,2779803,1225.07),(887,8,0,0),(888,883,3233261,0),(889,905,4508546,3579.26),(890,450,4034306,0),(891,849,0,0),(892,439,1041664,0),(893,777,4864815,0),(894,423,2851739,0),(895,216,2219851,1650.8),(896,470,4124646,0),(897,303,0,0),(898,582,2310375,3806.85),(899,535,2420529,0),(900,578,0,1534.01),(901,582,0,0),(902,159,1079381,0),(903,264,1912915,0),(904,152,4901916,0),(905,489,0,0),(906,536,0,0),(907,664,0,0),(908,15,0,1124.9),(909,230,0,3043.6),(910,666,0,2494.45),(911,861,4397623,0),(912,681,0,0),(913,520,0,2766.87),(914,994,0,2833.94),(915,251,2149088,3448.81),(916,234,3826759,0),(917,566,2328642,3715.81),(918,928,0,305.26),(919,250,0,2321.89),(920,327,613825,0),(921,86,3994277,500.28),(922,613,0,0),(923,882,0,3887.2),(924,604,3828339,0),(925,616,0,0),(926,520,0,0),(927,271,4465333,0),(928,641,3692354,4886.17),(929,500,0,0),(930,508,1369440,0),(931,690,2556513,0),(932,351,4519021,968.78),(933,782,1945502,0),(934,328,0,0),(935,950,1765056,1619.5),(936,785,3324901,4261.93),(937,334,0,0),(938,799,2260749,0),(939,957,0,0),(940,745,0,0),(941,577,0,0),(942,57,0,3229.32),(943,999,0,98.38),(944,214,0,4162.93),(945,330,0,1629.1),(946,817,0,4282.16),(947,77,2040587,0),(948,965,0,4760.27),(949,800,0,0),(950,61,851939,0),(951,551,0,4618.11),(952,484,1127461,0),(953,845,1274160,2949.45),(954,576,0,0),(955,571,0,3448.16),(956,791,0,0),(957,927,3740980,0),(958,234,0,0),(959,262,195098,0),(960,438,0,3990.69),(961,935,0,0),(962,33,0,0),(963,290,0,3172.23),(964,579,773955,2659.28),(965,588,3930616,0),(966,838,0,2256.99),(967,667,2772843,0),(968,465,0,0),(969,589,2465688,0),(970,20,72621,1612.6),(971,266,0,2662.29),(972,789,0,4466.32),(973,194,1244894,1543.1),(974,27,4475668,0),(975,978,0,4352.91),(976,674,1752602,0),(977,278,1955368,3861.95),(978,141,3688975,0),(979,27,3725143,0),(980,450,3349549,0),(981,605,1046634,4846.25),(982,167,1759570,0),(983,768,0,955.71),(984,819,0,2390.42),(985,968,3834205,0),(986,410,0,0),(987,857,0,0),(988,235,0,4379.83),(989,975,0,227.8),(990,182,4737034,640.61),(991,144,3942074,306.85),(992,888,0,3088.16),(993,430,1447363,4681.52),(994,760,0,4395.51),(995,806,1363089,0),(996,414,0,3109.95),(997,803,0,0),(998,36,0,0),(999,781,4406735,791.7),(1000,358,1869140,2099.99);
/*!40000 ALTER TABLE `impact_assessment` ENABLE KEYS */;
UNLOCK TABLES;

--
-- Table structure for table `regions`
--

DROP TABLE IF EXISTS `regions`;
/*!40101 SET @saved_cs_client     = @@character_set_client */;
/*!50503 SET character_set_client = utf8mb4 */;
CREATE TABLE `regions` (
  `region_id` bigint DEFAULT NULL,
  `region` text,
  `population` double DEFAULT NULL,
  `area_sq_km` bigint DEFAULT NULL
) ENGINE=InnoDB DEFAULT CHARSET=utf8mb4 COLLATE=utf8mb4_0900_ai_ci;
/*!40101 SET character_set_client = @saved_cs_client */;

--
-- Dumping data for table `regions`
--

LOCK TABLES `regions` WRITE;
/*!40000 ALTER TABLE `regions` DISABLE KEYS */;
INSERT INTO `regions` VALUES (101,'Odisha',45000000,155707),(102,'West Bengal',91000000,88752),(103,'Assam',35000000,78438),(103,'Assam',52500000,78438),(104,'Gujarat',60000000,196024);
/*!40000 ALTER TABLE `regions` ENABLE KEYS */;
UNLOCK TABLES;
/*!40103 SET TIME_ZONE=@OLD_TIME_ZONE */;

/*!40101 SET SQL_MODE=@OLD_SQL_MODE */;
/*!40014 SET FOREIGN_KEY_CHECKS=@OLD_FOREIGN_KEY_CHECKS */;
/*!40014 SET UNIQUE_CHECKS=@OLD_UNIQUE_CHECKS */;
/*!40101 SET CHARACTER_SET_CLIENT=@OLD_CHARACTER_SET_CLIENT */;
/*!40101 SET CHARACTER_SET_RESULTS=@OLD_CHARACTER_SET_RESULTS */;
/*!40101 SET COLLATION_CONNECTION=@OLD_COLLATION_CONNECTION */;
/*!40111 SET SQL_NOTES=@OLD_SQL_NOTES */;

-- Dump completed on 2026-02-18 18:57:39
